ENGLISH-1,ENGLISH-2,ENG DESCRIPTION,MALAYALAM-1,MALAYALAM-2,ML DESCRIPTION
abandon,,,"കയ്യൊഴിയുക, കൈവിടുക",,
ability,,,കഴിവ്,,
able,,,കഴിവുറ്റ,,
abortion,,,പേറ്ററുത്/കരുവഴിക്കുക,,
about,,,കുറിച്ച്/പറ്റി,,
above,,,മുകളില്‍,,
abroad,,,വെളിനാട്,,
absence,,,ഇല്ലായ്മ/അരിപ്പം,,
absolute,,,,,
absorb,,,"ഉള്‍ക്കൊള്ളുക, വലിച്ചെടുക്കുക",,
abuse,,,"ഇകഴ്ത്തല്‍, കയര്‍പ്പ് , കയര്‍പ്പം",,
academic,,,കല്‍വിയ,,
accept,,,"എതിരേല്‍ക്കുക, കൈക്കൊള്ളുക",,
access,,,വഴി,,
accident,,,അകപ്പാട്,,
accompany,,,കൂട്ടുപോകുക,,
accomplish,,,നേടിയെടുക്കുക,,
according,,,"അതുപടി, തക്കതായ",,
accountant,,,കണക്കപ്പിള്ള/കണക്കാള്‍,,
accurate,,,ശരിയായ,,
acknowledge,,,"ഏല്‍ക്കുക, ഏറ്റുപറയുക",,
acquire,,,"നേടുക, കൈക്കലാക്കുക",,
across,,,കുറുകെ,,
act,,,പെരുമാറുക,,
acting,,,പകർന്നാട്ടം,,
action,,,പെരുമാറ്റം/ചെയ്തി,,
active,,,ചുണയുള്ള,,
activist,,,,,
activity,,,ചെയ്ത്ത്,,
actor,,,നടന്‍,,
actress,,,നടി,,
actual,,,ശരിക്കുള്ള,,
actually,,,ശരിക്ക്,,
ad,,,വിളമ്പരം,,
adapt,,,പൊരുത്തപ്പെടുക,,
add,,,കൂട്ടുക,,
addition,,,കൂട്ടല്‍,,
additional,,,കൂടുതലായ,,
address,,,മേല്‍ചീട്ട്,,
adequate,,,"മതിയായ, ഉരിയമായ",,
adjust,,,"ഇണക്കുക, ശരിപ്പെടുത്തുക",,
adjustment,,,ഒതുക്കം,,
administration,,,മേലായ്മ,,
administrator,,,മേലാള്‍,,
admire,,,പുകഴ്ത്തുക,,
admission,,,കയറ്റിവിടല്‍,,
admit,,,,,
adopt,,,ഏറ്റെടുക്കുക,,
advertising,,,വിളമ്പരം ചെയ്യല്‍,,
advice,,,,,
advise,,,,,
adviser,,,,,
advocate,,,വക്കീല്‍,,
affair,,,ഇടപാട്,,
affect,,,ഏശുക,,
affiliation,,,കൂറ്,,
afford,,,വാങ്ങിക്കാനാകുക,,
afraid,,,"അഞ്ചല്‍, അച്ചം, പേടി",,
African,,,ആഫ്രിക്കന്‍,,
African-American,,,ആഫ്രിക്കന്‍-അമേരിക്കന്‍,,
after,,,പിന്നീട്,,
afternoon,,,വൈകുന്നേരം,,
again,,,വീണ്ടും,,
against,,,എതിരേ,,
age,,,വയസ്സ്,,
agency,,,,,
agenda,,,,,
agent,,,"പേരാള്‍, ആള്‍പ്പേര്‍, കരു (AI)",,
aggressive,,,,,
ahead,,,മുന്നില്‍,,
aid,,,"തുണയ്ക്കുക, ഉതകുന്ന",,
aide,,,തുണയാള്‍,,
AIDS,,,എയ്ഡ്സ്,,
airplane,,,വിണ്ണോടം,,
allegiance,,,കൂറ്,,
allow,,,,,
ally,,,കൂട്ടാളി,,
almost,,,ഏതാണ്ട്,,
alone,,,ഒറ്റയ്ക്ക്/തനിയേ,,
along,,,ഒപ്പം/കൂടെ,,
already,,,ഇപ്പോഴേ,,
also,,,കൂടാതെ,,
alter,,,മാറ്റുക,,
alternative,,,"മറ്റു, പകരമായ",,
although,,,എങ്കിലും,,
always,,,എപ്പോഴും,,
amaze,,,അമ്പരിപ്പിക്കുക,,
amazing,,,അടിപൊളി,,
American,,,അമേരിക്കന്‍,,
among,,,കൂട്ടത്തില്‍,,
amount,,,തുക,,
analysis,,,"ആരായ്ക, പൊരുളടക്കം",,
analyst,,,,,
analyze,,,,,
analyze,,,,,
ancient,,,പഴയ,,
and,,,ഒപ്പം/കൂടാതെ,,
anger,,,ഈറ്,,
angle,,,കോണ്‍/മൂല,,
angry,,,ഈറുള്ള,,
animal,,,മാക്/പടപ്പ്,,
anniversary,,,ആണ്ടുപിറപ്പ്‌,,
announce,,,അറിയിക്കുക,,
annual,,,ആണ്ടുതോറുമുള്ള,,
another,,,മറ്റൊന്ന്,,
answer,,,മറുപടി,,
anticipate,,,കാത്തിരിക്കുക,,
anxiety,,,മുന്‍പേടി,,
any,,,ഏതെങ്കിലും,,
anybody,,,ആരെങ്കിലും,,
anymore,,,ഇനിമുതല്‍,,
anyone,,,ആരെങ്കിലും,,
apply,,,ചുമത്തുക,,
appoint,,,വാഴ്ത്തുക,,
appointment,,,വാഴ്ത്തല്‍,,
appreciate,,,പുകഴ്ത്തുക,,
approach,,,അടുക്കുക,,
appropriate,,,വേണ്ടുന്നത്ര,,
approval,,,,,
approve,,,,,
approximately,,,ഏതാണ്ട്,,
Arab,,,അറബി,,
architect,,,,,
area,,,ഇടം/നിലം,,
argue,,,വഴക്കുകൂടുക,,
argument,,,വഴക്ക്/വാപ്പോര്,,
arise,,,ഉണരുക/എഴുന്നേല്‍ക്കുക,,
arm,,,കൈ,,
armed,,,പടക്കോപ്പെന്തിയ,,
armour,,,പടച്ചട്ട,,
army,,,പട്ടാളം,,
around,,,ചുറ്റും,,
arrange,,,ഏര്‍പ്പാടാക്കുക,,
arrangement,,,ഏര്‍പ്പാട്,,
arrest,,,പിടിച്ചുകെട്ടുക,,
arrival,,,വരവ്,,
arrive,,,വരിക,,
art,,,കല,,
article,,,എഴുത്ത്,,
artist,,,കലാകാരന്‍,,
artistic,,,"ചമല്‍ക്കാരമുള്ള , കലാമയമായ",,
as,,,പോലെ/ആയി,,
ash,,,വെണ്ണീര്‍/ചാമ്പല്‍,,
Asian,,,ഏഷ്യൻ,,
aside,,,കൂടാതെ,,
ask,,,"വിനവുക, കേള്‍ക്കുക",,
asleep,,,ഉറങ്ങുന്ന,,
aspect,,,,,
assault,,,,,
assert,,,തറപ്പിച്ചുപറയുക,,
assess,,,മതിപ്പുനോക്കുക,,
assessment,,,മതിപ്പുനോക്കല്‍,,
asset,,,,,
assign,,,നീക്കിവയ്ക്കുക/വകയിരിത്തുക,,
assignment,,,ചുമതല/പണി,,
assist,,,തുണയ്ക്കുക,,
assistance,,,തുണ,,
assistant,,,തുണയാള്‍,,
associate,,,തോഴന്‍,,
association,,,ചങ്ങാത്തം/അടുപ്പം,,
asteroid,,,ഉൽക്ക,,
atom,,,നുറു,,
attempt,,,തുനിവ്,,
attention,,,,,
attitude,,,പെരുമാറ്റം,,
attorney,,,വക്കീൽ,,
attract,,,,,
attractive,,,ചേലൊത്ത,,
attribute,,,,,
audience,,,കാഴ്ചക്കാര്‍/കാണികള്‍,,
author,,,എഴുത്തുകാരന്‍,,
authority,,,കോയ്മ,,
auto,,,വണ്ടി/താന്‍,,
available,,,കിട്ടുന്നത്,,
average,,,ശരാശരി,,
avoid,,,ഒഴിവാക്കുക,,
award,,,,,
aware,,,അറിഞ്ഞിരിക്കുക,,
awareness,,,ഉള്ളറിവ്,,
away,,,അകലെ/ദൂരെ,,
awful,,,മോശമായ,,
axis,,,അച്ചുതണ്ട്,,
baby,,,കുഞ്ഞ്,,
back,,,പുറം/പിന്നില്‍,,
background,,,പിന്നാമ്പുറം,,
backlash,,,തിരിച്ചടി,,
backward,,,പിന്നോക്കം,,
bad,,,ചീത്ത/മോശം,,
badly,,,മോശമായി,,
bag,,,സഞ്ചി,,
bake,,,ചുടുക,,
balance,,,ബാക്കി,,
ball,,,പന്ത്,,
ban,,,തടയുക,,
band,,,കൂട്ടം,,
bank,,,ഈടുമാട്,,
bar,,,കട്ട,,
barely,,,മുട്ടിച്ച്,,
barrel,,,വീപ്പ,,
barrier,,,തടസ്സം,,
base,,,അടിത്തറ/തമ്പ്,,
baseball,,,ബേസ്ബോള്‍,,
basic,,,അടിത്തറ,,
basically,,,ചുരുക്കം പറഞ്ഞാല്‍,,
basis,,,അടിത്തറ,,
basket,,,കുട്ട,,
basketball,,,കുട്ടപ്പന്ത്,,
bath,,,കുളി,,
bathing soap,,,കുളിക്കട്ട,,
bathroom,,,കുളിമുറി,,
beach,,,കടപ്പുറം/കടല്‍ക്കര,,
beauty,,,ചെമ്മ്/അഴക്/ചേല്,,
because,,,എന്തുകൊണ്ടെന്നാല്‍,,
become,,,ആകുക,,
bed,,,കിടക്ക,,
bedroom,,,കിടപ്പറ/കിടപ്പുമുറി,,
bedsheet,,,കിടയ്ക്കവിരി,,
beer,,,ബിയര്‍,,
before,,,മുന്‍പ്,,
begin,,,തുടങ്ങുക,,
beginning,,,തുടക്കം,,
behavior,,,പെരുമാറ്റം,,
behind,,,പിന്നില്‍,,
being,,,നിലനില്‍പ്പ്‌,,
belief,,,,,
believe,,,നമ്പുക,,
bell,,,മണി,,
belong,,,ഉടമത്തത്തിലാകുക,,
below,,,താഴെ,,
belt,,,അരപ്പട്ട,,
bench,,,ബെഞ്ച്‌,,
bend,,,വളയുക/വളയ്ക്കുക,,
beneath,,,കീഴെ,,
benefit,,,നേട്ടമുണ്ടാക്കുക,,
beside,,,അരികില്‍,,
besides,,,കൂടാതെ,,
best,,,ഏറ്റവും മികച്ചത്,,
bet,,,പന്തയം/വാതുവെപ്പ്,,
betray,,,ഒറ്റുക,,
better,,,മികച്ചത്,,
between,,,ഇടയില്‍,,
beyond,,,അപ്പുറം,,
Bible,,,ബൈബിള്‍,,
big,,,വലിയ,,
bike,,,ബൈക്ക്/ചവിട്ടുവണ്ടി,,
bill,,,രസീത്,,
billion,,,നൂറുകോടി,,
bind,,,കെട്ടുക,,
biological,,,ഉയിര്‍പ്പനുവല്‍,,
bird,,,കിളി/പറവ,,
birth,,,പിറവി,,
birthday,,,പിറന്നാള്‍,,
bit,,,തുണ്ട്/ഇറ്റ്,,
blame,,,പഴിചാരല്‍,,
blanket,,,പുതപ്പ്,,
board,,,പലക,,
boat,,,വള്ളം/വഞ്ചി,,
body,,,ഉടല്‍/മെയ്യ്,,
bomb,,,കൊലപ്പടക്കം,,
bombing,,,കൊലപ്പടക്കമിടല്‍,,
bond,,,അടുപ്പം,,
bone,,,എല്ല്,,
book,,,ഏട്,,
boom,,,പൊട്ടിത്തെറി,,
boot,,,,,
border,,,അതിര്‍ത്തി,,
born,,,പിറന്നു,,
borrow,,,കടമെടുക്കുക,,
boss,,,മുതലാളി,,
both,,,രണ്ടും/ഇരുവരും,,
bother,,,അലട്ടല്‍,,
bottle,,,കുപ്പി,,
bottom,,,കീഴെ,,
boundary,,,അതിര്‍ത്തി,,
bowl,,,കോപ്പ,,
box,,,പെട്ടി/ചെപ്പ്,,
boy,,,ആണ്‍കുട്ടി,,
boyfriend,,,,,
brain,,,തലച്ചോറ്,,
branch,,,ചില്ല,,
brand,,,ചാപ്പ,,
bread,,,റൊട്ടി,,
break,,,ഉടയുക/ഇടവേള,,
breakfast,,,പ്രാതല്‍/മുത്താഴം,,
breast,,,മുല,,
breath,,,വീര്‍പ്പ്,,
broadcast,,,പരക്കെകാണിപ്പ്,,
broom,,,ചൂല്‍,,
browse,,,തിരയുക,,
brush,,,കുറ്റി,,
buck,,,കാശ്,,
budget,,,പണമതിപ്പ്/വകയിരുത്തല്‍,,
build,,,പണിയുക,,
building,,,കെട്ടിട്ടം,,
bullet,,,വെടിയുണ്ട,,
bunch,,,കെട്ട്,,
burden,,,ചുമതല,,
burn,,,കത്തിക്കുക,,
bury,,,കുഴിച്ചിടുക,,
bus,,,ബസ്സ്‌,,
bush,,,കുറ്റിക്കാട്,,
business,,,കച്ചവടം,,
busy,,,തിരക്ക്,,
but,,,പക്ഷേ,,
butter,,,വെണ്ണ,,
butterfly,,,പൂമ്പാറ്റ/ഇടവല്‍,,
button,,,കുടുക്ക്,,
buy,,,വാങ്ങുക,,
buyer,,,വാങ്ങിപ്പവര്‍,,
by,,,അതിനാല്‍,,
calculate,,,കണക്കുകൂട്ടുക,,
calligraphy,,,കൈക്കുറ്റപ്പാട്,,
camp,,,പാളയം,,
campus,,,വളപ്പ്,,
can,,,കഴിയും,,
Canadian,,,കാനഡക്കാരന്‍,,
cancer,,,,,
candidate,,,,,
cap,,,തൊപ്പി/അടപ്പ്,,
capability,,,കഴിവ്,,
capable,,,കഴിവുറ്റ,,
capacity,,,പാങ്ങ്,,
capital,,,തലപ്പട്ടണം,,
captain,,,തലവന്‍,,
capture,,,പിടിച്ചടക്കുക,,
car,,,കാര്‍,,
carbon,,,കരി,,
card,,,ചീട്ട്,,
care,,,നോക്കുക/ഓമനിക്കുക,,
carry,,,പേറുക/ചുമക്കുക,,
case,,,വക്കാണം,,
category,,,ഇനം,,
Catholic,,,കത്തോലിക,,
cause,,,വേര്,,
cave,,,കല്ലള,,
cavity,,,പോട്,,
ceiling,,,മച്ച്/മേല്‍ക്കൂര,,
celebrate,,,കൊണ്ടാടുക,,
celebration,,,കൊണ്ടാട്ടം,,
celebrity,,,പേരുകേട്ടവര്‍,,
cell,,,,,
center,,,നടുവ്,,
central,,,നടുക്കുള്ള,,
century,,,നൂറ്റാണ്ട്,,
CEO,,,കമ്പനി തലവര്‍,,
ceremony,,,ചടങ്ങ്,,
certain,,,ഉറപ്പ്,,
certainly,,,ഉറപ്പായും,,
chain,,,ചങ്ങല,,
chair,,,കസേര,,
chairman,,,തലവര്‍,,
challenge,,,വെല്ലുവിളി,,
chamber,,,അറ,,
chameleon,,,ഓന്ത്,,
champion,,,വെന്നവര്‍,,
championship,,,"പോരാട്ടം, കിടച്ചല്‍",,
chance,,,ഇട,,
change,,,മാറ്റം/മാറ്റുക,,
changing,,,മാറുന്ന,,
channel,,,ചാല്‍,,
chapter,,,തുണ്ട്/പകുപ്പ്,,
character,,,ആള്‍ത്തരം,,
characteristic,,,,,
characterize,,,,,
charge,,,മിന്‍കയറ്റുക,,
charity,,,,,
chart,,,വരപ്പടം,,
chase,,,പിന്തുടരല്‍,,
chauvinism,,,ആണ്‍കോയ്മ,,
cheat,,,വഞ്ചിക്കുക/ചതിക്കുക,,
cheap,,,വിലകുറഞ്ഞ,,
check,,,മതിപ്പുനോക്കുക/ മേന്മനോക്കുക,,
cherish,,,നുകരുക,,
Chinese,,,ചീന,,
circuit,,,ചൂഴവഴി,,
citizen,,,കുടിയാള്‍,,
civilization,,,നാട്ടുപാര്‍പ്പ്,,
claim,,,ചോദിച്ചുവാങ്ങുക,,
class,,,വക,,
classic,,,തരം,,
classroom,,,തരമുറി,,
clay,,,കളിമണ്ണ്,,
clean,,,വെടിപ്പ്,,
clock,,,നാഴികമണി,,
closely,,,അടുത്ത,,
closer,,,കൂടുതല്‍ അടുത്ത്,,
clothes,,,ഉടുപ്പുകള്‍,,
clothing,,,ഉടുപ്പ്,,
cloud,,,മുകില്‍,,
club,,,കൂട്ടം,,
clue,,,തുമ്പ്,,
cluster,,,കൂട്ടം,,
coach,,,ആശാന്‍,,
coal,,,കല്‍ക്കരി,,
coalition,,,കൂട്ടുവാഴ്ച,,
coast,,,തീരം,,
coat,,,മേലങ്കി,,
code,,,ഒളിയെഴുത്ത്,,
coffee,,,കാപ്പി,,
collect,,,ഈണ്ടുക,,
color,,,നിറം,,
column,,,തൂണ്‍,,
combination,,,കൂട്ടിച്ചേര്‍പ്പ്,,
combine,,,കൂട്ടിചേര്‍ക്കുക,,
come,,,വരിക,,
comedy,,,തമാശ,,
comfort,,,താപ്പ്,,
comfortable,,,താപ്പായ,,
command,,,ഉത്തരവ്,,
commander,,,പടത്തലവന്‍,,
comment,,,അടിക്കുറിപ്പ്,,
commercial,,,കച്ചവട,,
commission,,,പണപ്പങ്ക്,,
commit,,,കുറ്റം ചെയ്യുക/ ഉരി കൊടുക്കുക,,
commitment,,,വാക്കുറപ്പ്,,
committee,,,തീര്‍പ്പുകൂട്ടം,,
common,,,പൊതുവായ,,
communicate,,,മിണ്ടുക,,
communication,,,മിണ്ടാട്ടം,,
community,,,ആള്‍ക്കൂട്ടം,,
company,,,കമ്പനി,,
compare,,,ഒത്തുനോക്കുക,,
comparison,,,ഒത്തുനോട്ടം,,
compassion,,,അകമുരുകല്‍,,
compete,,,പോരടിക്കുക,,
competition,,,പോരാട്ടം,,
competitive,,,പോരാട്ടവീറുള്ള,,
competitor,,,പോരാളി,,
complain,,,പരാതിപ്പെടുക,,
complaint,,,പരാതി,,
complete,,,മുഴുവന്‍,,
completely,,,മുഴുവനായി,,
complex,,,,,
complicated,,,കുഴപ്പം പിടിച്ച,,
component,,,നുറുങ്ങ്,,
computer,,,എണ്ണിനി,,
concept,,,,,
concern,,,,,
concerned,,,,,
concert,,,കച്ചേരി,,
concession,,,ഇളവ്,,
conclude,,,ഒടുങ്ങുക,,
conclusion,,,ഒടുക്കം/കലാശം,,
concrete,,,ഉറച്ചത്,,
condition,,,നില/ഉഴി/പടുതി,,
condom,,,ഓക്കുറ,,
conduct,,,നടത്തുക,,
conference,,,കൂടിയിരിക്കല്‍,,
confidence,,,ഉള്ളുറപ്പ്,,
confident,,,ഉള്ളുറപ്പുള്ള,,
confirm,,,ഉറപ്പിക്കുക/തീര്‍ച്ചപ്പെടുത്തുക,,
conflict,,,വഴക്ക്,,
confront,,,നേരിടുക,,
confusion,,,,,
Congress,,,,,
congressional,,,,,
connect,,,കൂട്ടുചേര്‍ക്കുക,,
connection,,,കൂട്ട്,,
conquer,,,കീഴടക്കുക,,
consciousness,,,ഉണര്‍വ്,,
consensus,,,ഒത്തൊരുമ,,
consent,,,,,
consequence,,,,,
conservative,,,,,
consider,,,കണക്കിലെടുക്കുക,,
considerable,,,,,
consideration,,,,,
consist,,,അടങ്ങുക,,
consistent,,,അടക്കമുള്ള,,
constant,,,മാറാത്ത,,
constantly,,,തുടര്‍ച്ചയായി,,
constitute,,,അടങ്ങുക,,
constitutional,,,,,
construct,,,ചമയ്ക്കുക/പണിയുക/കെട്ടുക,,
construction,,,കെട്ട്,,
consultant,,,,,
consume,,,,,
consumer,,,,,
consumption,,,,,
contact,,,ഇടപഴകല്‍,,
contain,,,അടങ്ങുക,,
container,,,,,
contemporary,,,ഇന്നത്തെ,,
content,,,ഉള്ളടക്കം,,
contest,,,പോരാട്ടം,,
context,,,,,
continue,,,തുടരുക,,
continued,,,തുടര്‍ന്ന്,,
contract,,,ഉടമ്പടി,,
contrast,,,ഒത്തുനോക്കുക,,
contribute,,,പങ്കുവയ്ക്കുക,,
contribution,,,പങ്കാളിത്തം,,
control,,,വരുതി,,
controversial,,,കയമ്പപ്പെട്ട,,
controversy,,,കയമ്പം,,
convention,,,മുറ,,
conventional,,,മുറയ്ക്കൊത്ത,,
conversation,,,മിണ്ടാട്ടം,,
convert,,,മാറ്റുക,,
conviction,,,ഉറപ്പ്,,
convince,,,,,
cook,,,,,
cookie,,,കുക്കി,,
cook,,,അടുക്കളക്കാരന്‍,,
cooking,,,അടുകുക,,
cool,,,തണുപ്പിക്കുക/തണുത്ത,,
cooperation,,,ഒത്തുചെയ്യുക,,
cop,,,പോലീസ്,,
cope,,,നേരിടുക,,
copy,,,പകര്‍പ്പ്/പകര്‍ത്തുക,,
core,,,കാതല്‍/കാമ്പ്,,
corn,,,ചോളം,,
corner,,,മൂല,,
corporate,,,കുത്തക,,
corporation,,,കുത്തക,,
correct,,,ശരി,,
correspondent,,,,,
cost,,,ചെലവ്,,
cotton,,,പരുത്തി,,
couch,,,കിടക്ക,,
could,,,കഴിയും,,
council,,,,,
counselor,,,,,
count,,,എണ്ണുക/എണ്ണം,,
counter,,,എണ്ണം,,
country,,,നാട്,,
county,,,ജില്ല,,
couple,,,രണ്ട്/ജോഡി,,
courage,,,വീറ്,,
course,,,പോക്ക്,,
court,,,കോടതി,,
cousin,,,മച്ചുനന്‍,,
cover,,,മൂടുക/മൂടി/പുതയുക,,
coverage,,,പടര്‍പ്പ്,,
cow,,,കന്ന്,,
crack,,,പിളര്‍പ്പ്,,
craft,,,കൈവിരുത്,,
crash,,,ഇടിക്കുക,,
crazy,,,വട്ട്,,
cream,,,പാല്‍പ്പാട,,
create,,,ഉണ്ടാക്കുക,,
creation,,,,,
creative,,,,,
creature,,,പടപ്പ്,,
credit,,,കടം,,
crew,,,പണിക്കാര്‍,,
crime,,,കുറ്റം,,
criminal,,,കുറ്റവാളി,,
crisis,,,,,
criteria,,,,,
critic,,,,,
critical,,,കുറ്റപ്പെടുത്തുന്ന,,
criticism,,,കുറ്റപ്പെടുത്തുല്‍,,
criticize,,,കുറ്റപ്പെടുത്തുക,,
crop,,,വിള,,
cross,,,കുരിശ്/കുറുകെ,,
crowd,,,ആള്‍ക്കൂട്ടം,,
crucial,,,വേണ്ടപ്പെട്ട,,
cry,,,കരയുക,,
cryptocurrency,,,ഊടുപണം,,
cultural,,,,,
culture,,,നാട്ടുമുറ,,
cunning,,,,,
cup,,,കോപ്പ,,
curious,,,,,
current,,,നിലവിലെ/ഇപ്പോഴത്തെ,,
currently,,,നിലവില്‍,,
curriculum,,,,,
curtain,,,"മറ, ജന്നല്‍വിരി",,
custom,,,പഴമുറ,,
customer,,,വാങ്ങിപ്പോർ,,
cut,,,മുറിക്കുക,,
cycle,,,ചവിട്ടുവണ്ടി,,
dad,,,തന്ത/അച്ചന്‍,,
daily,,,എന്നും,,
damage,,,തകരാറ്/ഒടിവ്,,
dance,,,കൂത്ത്/ആട്ടം/തുള്ളല്‍,,
danger,,,അപകടം,,
dangerous,,,അപകടമുളവാക്കുന്ന,,
data,,,അക്കല്‍,,
dear,,,ഓമന,,
death,,,ചാവ്,,
debate,,,ഉരിപ്പോര്,,
debt,,,കടം,,
decade,,,പതിറ്റാണ്ട്,,
decide,,,തീരുമാനിക്കുക,,
decision,,,തീരുമാനം,,
deck,,,മുകള്‍ത്തട്ട്,,
declare,,,അറിയിക്കുക,,
decline,,,ഇടിവ്,,
decoration,,,പകിട്ട്,,
decrease,,,ഇടിയുക,,
deep,,,ആഴത്തിലുള്ള,,
deeply,,,ആഴത്തില്‍,,
deer,,,മാന്‍,,
defeat,,,തോല്‍വി,,
defend,,,ചെറുത്തുനില്‍ക്കുക,,
defendant,,,കുറ്റംചാര്‍ത്തപ്പെട്ടവര്‍,,
defense,,,ചെറുത്തുനില്‍പ്പ്,,
defensive,,,ചെറുത്തുനില്‍ക്കുന്ന,,
deficit,,,കമ്മി,,
define,,,ഉരിപ്പൊരുള്‍ കൊടുക്കുക,,
definitely,,,തീര്‍ച്ചയായും,,
definition,,,ഉരിപ്പൊരുള്‍,,
degradation,,,അഴുകല്‍,,
degree,,,അളവ്,,
delay,,,വൈകല്‍/താമസം,,
deliver,,,എത്തിക്കുക,,
delivery,,,എത്തിക്കല്‍,,
demand,,,,,
democracy,,,ആള്‍ക്കോയ്മ,,
Democrat,,,ഡെമോക്രാറ്റ്,,
democratic,,,ആള്‍ക്കോയ്മയുള്ള,,
demonstrate,,,കാട്ടിക്കൊടുക്കുക,,
demonstration,,,കാട്ടികൊടുക്കല്‍,,
deny,,,,,
department,,,വകുപ്പ്,,
depend,,,തുണവേണ്ടുക,,
dependent,,,തുണവേണ്ടവര്‍,,
depending,,,അതിനൊത്ത്,,
depict,,,വരച്ചുകാട്ടുക,,
deportation,,,നാടുകടത്തല്‍,,
depression,,,അഴല്‍,,
depth,,,ആഴം,,
deputy,,,കീഴാള്‍,,
derive,,,,,
describe,,,വരച്ചുകാട്ടുക,,
description,,,വരച്ചുകാട്ടല്‍,,
desert,,,മരുനിലം/മണല്‍ക്കാട്,,
deserve,,,,,
design,,,ഉരുവപ്പാട്,,
designer,,,ഉരുവപ്പെടുത്തുകാരന്‍,,
desire,,,കൊതി/പൂതി,,
desk,,,മേശ,,
desperate,,,,,
despite,,,എങ്കിലും,,
destroy,,,മുടിക്കുക,,
destruction,,,മുടിവ്,,
detail,,,,,
detailed,,,,,
detect,,,കണ്ടെത്തുക,,
determine,,,കണ്ടുപിടിക്കുക,,
develop,,,വളരുക,,
developing,,,വളരുന്ന,,
development,,,വളര്‍ച്ച,,
device,,,,,
devote,,,നീക്കിവയ്ക്കുക,,
dialogue,,,മിണ്ടാട്ടം,,
dice,,,പകിട,,
dictatorship,,,തേര്‍വാഴ്ച,,
die,,,ചാകുക,,
diet,,,തിന്മുറ,,
differ,,,വേറിട്ടിരിക്കുക,,
difference,,,വേറിടല്‍,,
different,,,വേറിട്ട,,
differently,,,വേറിട്ട,,
difficult,,,പാടായ,,
difficulty,,,പാട്/വല്ലായ്ക,,
digit,,,അക്കം,,
dimension,,,മാനം,,
disability,,,പറ്റായ്ക,,
disagree,,,എതിര്‍ക്കുക,,
disappear,,,മായുക,,
disaster,,,അപകടം/കരുവിന,,
discipline,,,അച്ചടക്കം,,
discourse,,,,,
discover,,,കണ്ടെത്തുക,,
discovery,,,കണ്ടുപിടുത്തം,,
discrimination,,,വേര്‍തിരിക്കുക,,
discuss,,,മിണ്ടാടുക,,
discussion,,,മിണ്ടാട്ടം,,
disease,,,വയ്യായ്ക,,
dish,,,തളിക,,
dismiss,,,തള്ളിക്കളയുക,,
disorder,,,ഒഴുങ്ങുകേട്,,
display,,,കാട്ടുക,,
dispute,,,വഴക്കുകൂടുക,,
disruption,,,തടസ്സം,,
distance,,,അകലം,,
distant,,,അകലെയുള്ള,,
distinct,,,വേറിട്ട,,
distinction,,,വേറിടല്‍,,
distinguish,,,വേറിട്ടുനോക്കുക,,
distribute,,,പരത്തുക,,
distribution,,,പരത്തല്‍,,
district,,,ജില്ല,,
diverse,,,,,
diversity,,,വേര്‍മ്മ,,
divide,,,,,
division,,,,,
divorce,,,വേര്‍പിരിയല്‍/ഒഴിമുറി,,
dizzy,,,തലകറക്കം',,
DNA,,,ഡി.എന്‍.എ,,
do,,,ചെയ്യുക,,
doctor,,,,,
document,,,ഓല,,
dog,,,നായ/പട്ടി,,
domestic,,,വളര്‍ത്തിനം,,
dominant,,,മുന്നിട്ട,,
dominate,,,മുന്നിട്ടുനില്‍ക്കുക,,
door,,,വാതില്‍/കതക്,,
double,,,ഇരട്ട,,
doubt,,,,,
down,,,താഴത്ത്,,
downtown,,,പട്ടണനടുവില്‍,,
dozen,,,പന്തിറ്റ്/പന്തിരു,,
draft,,,കരട്,,
drag,,,വലിച്ചിഴക്കുക,,
drama,,,നാടകം,,
dramatic,,,,,
dramatically,,,,,
draw,,,വര,,
drawing,,,വരയ്ക്കുക,,
dream,,,കിനാവ്‌,,
dress,,,ഉടുപ്പ്,,
drink,,,കുടിക്കുക,,
drive,,,ഓടിക്കുക,,
driver,,,വളയക്കാരന്‍,,
drop,,,വീഴ്ച/വീഴ്ത്തുക/തുള്ളി,,
drug,,,മരുന്ന്,,
drum,,,ചെണ്ട,,
dry,,,ഉണക്ക/ഉണങ്ങിയ,,
due,,,കുടിശ്ശിക,,
during,,,അന്നേരത്ത്,,
dust,,,പൊടി,,
duty,,,കടമ,,
e-mail,,,മിന്നഞ്ചല്‍,,
each,,,ഓരോ,,
eager,,,,,
ear,,,ചെവി/കാത്,,
early,,,നേരത്തേ,,
earn,,,നേടുക/ഈണ്ടുക,,
earnings,,,വരുമാനം,,
earth,,,ഊഴി,,
ease,,,എളുപ്പം,,
easily,,,എളുപ്പത്തില്‍,,
east,,,കിഴക്ക്,,
eastern,,,കിഴക്കേ,,
easy,,,എളുപ്പം,,
eat,,,കഴിക്കുക/തിന്നുക,,
echo,,,മാറ്റൊലി,,
economic,,,പണ,,
economics,,,പണപ്പാട്,,
economist,,,പണപ്പാട് ആരാഴ്ചികര്‍,,
economy,,,പണനില,,
edge,,,അറ്റം/അരിക്,,
edition,,,പതിപ്പ്,,
editor,,,തിരുത്താളി,,
educate,,,,,
education,,,,,
educational,,,,,
educator,,,,,
effect,,,വിളവ്,,
effective,,,,,
effectively,,,,,
efficiency,,,,,
efficient,,,,,
effort,,,മുതിര്‍ച്ച,,
egg,,,മുട്ട,,
eight,,,എട്ട്,,
either,,,രണ്ടിലൊന്ന്,,
elderly,,,മുതിര്‍ന്നവര്‍,,
elect,,,തിരഞ്ഞെടുക്കുക,,
election,,,തിരഞ്ഞെടുപ്പ്,,
electric,,,മിന്നാക്ക,,
electricity,,,മിന്നാക്കം,,
electronic,,,മിന്നുറു,,
element,,,,,
elementary,,,അടിത്തറ,,
elevator,,,ഏറ്റി/ഏറ്റുമുറി,,
eliminate,,,തുടച്ചുനീക്കുക/ഇല്ലാതാക്കുക,,
elite,,,മേല്‍ത്തരം,,
else,,,അല്ലെങ്കില്‍,,
elsewhere,,,മറ്റെവിടെയോ,,
embrace,,,പുണരുക,,
emerge,,,വെളിപ്പെടുക/ഉരുത്തിരിയുക,,
emergency,,,തിടുക്കം,,
emission,,,പുറന്തള്ളല്‍,,
emotion,,,തിണ,,
emotional,,,തിണപ്പെട്ട,,
emphasis,,,ഊന്നല്‍,,
emphasize,,,ഊന്നല്‍കൊടുക്കുക,,
employ,,,തൊഴില്‍കൊടുക്കുക,,
employee,,,തൊഴിലാളി,,
employer,,,തൊഴിലുടമ,,
employment,,,തൊഴില്‍,,
empty,,,ഒഴിഞ്ഞ,,
enable,,,ഇടയുണ്ടാക്കുക,,
enclosure,,,വേലികെട്ട്,,
encounter,,,നേരിടുക,,
encourage,,,ചുണയ്ക്കുക,,
end,,,ഒടുക്കം/അറുതി,,
enemy,,,എതിരാളി,,
energy,,,നേറ്റി,,
enhance,,,മെച്ചപ്പെടുത്തുക,,
enhancement,,,മെച്ചപ്പെടുത്തല്‍,,
enjoy,,,,,
enormous,,,കൂറ്റന്‍,,
enough,,,മതിയായ/വേണ്ടത്ര,,
ensure,,,ഉറപ്പാക്കുക,,
enter,,,കയറുക,,
enterprise,,,,,
entertainment,,,നേരമ്പോക്ക്,,
enthusiasm,,,ചുറുചുറുക്ക്,,
entire,,,മുഴു,,
entirely,,,മുഴുവനായി,,
entrance,,,കയറ്റം,,
entry,,,കയറുക,,
environment,,,ചുറ്റുപാട്,,
environmental,,,,,
episode,,,ഓട്ടം,,
equal,,,,,
equally,,,,,
equation,,,കണക്കുരുവം,,
equilibrium,,,,,
equipment,,,,,
era,,,നീൾനാൾ,,
error,,,പിശക്,,
espionage,,,ഒറ്റാടല്‍,,
ethnic,,,,,
European,,,യൂറോപ്പിയ/എരോപ്പിയ,,
evaluate,,,മതിപ്പിടുക,,
evaluation,,,മതിപ്പിടല്‍,,
even,,,ഒപ്പം,,
evening,,,വൈകുന്നേരം/അന്തി,,
event,,,പരിപാടി,,
eventually,,,ഒടുവില്‍,,
ever,,,ഒരിക്കലും,,
every,,,എല്ലാ/ഓരോ,,
everybody,,,എല്ലാവരും,,
everyday,,,എന്നും/നാള്‍തോറും,,
everyone,,,എല്ലാവരും,,
everything,,,എല്ലാം,,
everywhere,,,എല്ലായിടത്തും/പരക്കെ,,
evidence,,,തെളിവ്,,
evil,,,തിന്മ,,
evolution,,,വളര്‍ച്ച,,
evolve,,,വളരുക,,
exact,,,അതേപടി,,
exactly,,,അത് തന്നെ,,
examination,,,എഴുത്തുനോട്ടം,,
examine,,,എഴുത്തുനോക്കുക,,
example,,,എടുത്തുകാട്ടല്‍,,
exceed,,,കവിയുക,,
excellent,,,മികച്ച,,
except,,,ഒഴികെ,,
exception,,,ഒഴിവാക്കുക,,
exchange,,,കൈമാറുക,,
exciting,,,,,
executive,,,,,
exercise,,,മെയ്യനക്കം/ചെലുത്തല്‍,,
exert,,,ചെലുത്തുക,,
exhibit,,,പുറംകാണിപ്പ്/വെളികാട്ടല്‍,,
exhibition,,,പുറംകാണിപ്പ്//വെളികാട്ടല്‍,,
exist,,,നിലനില്‍ക്കുക,,
existence,,,നിലനില്‍പ്പ്‌,,
existing,,,നിലവിലെ,,
expand,,,വിരിയുക/വിടരുക,,
expansion,,,വിരിവ്,,
expect,,,ഉറ്റുനോക്കുക,,
expectation,,,ഉറ്റുനോട്ടം,,
expense,,,ചെലവ്,,
expensive,,,വിലയേറിയ,,
experience,,,കണ്ടറിവ്/തഴക്കം/കണ്ടറിയുക,,
experiment,,,തുനിവ്,,
expert,,,മികവാളി,,
expertise,,,പാടവം,,
explain,,,കൂറുക,,
explanation,,,കൂറ്റല്‍,,
explode,,,പൊട്ടിത്തെറിക്കുക,,
explore,,,,,
export,,,കയറ്റുമതി,,
explosion,,,പൊട്ടിത്തെറി,,
expose,,,വെളിപ്പെടുത്തുക,,
exposure,,,വെളിപ്പെടുത്തല്‍,,
express,,,പുറത്തുകാട്ടുക,,
expression,,,പുറത്തുകാട്ടല്‍,,
extend,,,നീട്ടുക,,
extension,,,നീട്ടല്‍,,
extensive,,,പരക്കേയുള്ള,,
extent,,,അളവ്,,
external,,,പുറമേയുള്ള,,
extra,,,കൂടുതല്‍,,
extraordinary,,,,,
extreme,,,അതിരറ്റ,,
extremely,,,വളരെ/അതിരറ്റുവോളം,,
eye,,,കണ്ണ്,,
fabric,,,തുണി,,
face,,,മോന്ത/മുഞ്ഞി,,
facility,,,,,
fact,,,നിജം,,
factor,,,,,
factor,,,,,
factory,,,,,
faculty,,,,,
fade,,,മങ്ങുക,,
fail,,,പിഴയ്ക്കുക,,
failure,,,പിഴവ്,,
fair,,,നെറിവോടെയുള്ള,,
fairly,,,ഏറെക്കുറെ,,
faith,,,,,
fall,,,വീഴ്ച,,
(false),,,തെറ്റ്,,
familiar,,,അറിയാവുന്ന,,
family,,,കുടുംബം,,
famine,,,പട്ടിണി,,
famous,,,പേരുകേട്ട,,
fan,,,വിശറി,,
fantasy,,,,,
far,,,അകലെ,,
farm,,,ഉഴവുനിലം,,
farmer,,,ഉഴവര്‍,,
fashion,,,ഉടുപ്പുമുറ,,
fast,,,വിരവോടെ,,
fat,,,തടിച്ച/കൊഴുത്ത,,
fate,,,,,
father,,,തന്ത/അപ്പന്‍/അച്ചന്‍,,
fatigue,,,തളര്‍ച്ച,,
fault,,,പിഴവ്,,
favor,,,ഇമ്പപ്പെടുക,,
favorite,,,ഏറ്റവും ഇമ്പമുള്ള,,
fear,,,പേടി,,
feature,,,,,
federal,,,പകുപ്പുകോയ്മ,,
fee,,,തുക,,
feed,,,തീറ്റിക്കുക,,
feel,,,തോന്നുക,,
feeling,,,തോന്നല്‍,,
fellow,,,കൂട്ടാളി,,
female,,,പെണ്ണ്,,
fence,,,വേലി,,
few,,,കുറവ്,,
fewer,,,അതിനേക്കാള്‍ കുറവ്,,
fiber,,,നാര്,,
fiction,,,കെട്ടുകഥ,,
field,,,കളിനിലം,,
fifteen,,,പതിനഞ്ച്,,
fifth,,,അഞ്ചാമത്തെ,,
fifty,,,അന്‍പത്,,
fight,,,പോര്,,
fighter,,,പോരാളി,,
fighting,,,പൊരുതുക,,
figure,,,പടം,,
file,,,കയല്‍,,
fill,,,നിറയ്ക്കുക,,
film,,,പടം,,
filter,,,അരിപ്പ,,
final,,,ഒടുക്കത്തെ,,
finally,,,ഒടുക്കം,,
finance,,,പണം/മുതല്‍,,
financial,,,പണപ്പാട്,,
find,,,കണ്ടുപിടിക്കുക,,
finding,,,കണ്ടുപിടിക്കുന്നു,,
fine,,,കുഴപ്പമില്ല,,
finger,,,വിരല്‍,,
finish,,,തീര്‍ക്കുക,,
fire,,,തീ,,
fireworks,,,വെടിക്കെട്ട്,,
firm,,,ഉറച്ച,,
flat,,,പരന്ന,,
flatten,,,പരത്തുക,,
flee,,,തടിതപ്പുക,,
flesh,,,ഇറച്ചി,,
flight,,,പറക്കല്‍,,
float,,,പൊങ്ങിക്കിടക്കുക,,
flood,,,വെള്ളപ്പൊക്കം,,
floor,,,തറ,,
flow,,,ഒഴുകുക/ഒഴുക്ക്,,
flowchart,,,ഒഴുക്കുപടം,,
flower,,,പൂവ്,,
fluid,,,നീര്,,
fly,,,ഈച്ച/പറക്കുക,,
flyover,,,മേല്‍പ്പാത,,
focus,,,നോട്ടപ്പതിപ്പ്,,
fold,,,മടക്കുക,,
folk,,,ഊരാളര്‍,,
follow,,,പിന്തുടരുക,,
following,,,പിന്തുടരുന്നു,,
food,,,തീറ്റ/ഊട്ട്/തീന്‍,,
foot,,,കാല്‍,,
football,,,കാല്‍പ്പന്ത്‌,,
for,,,വേണ്ടി,,
force,,,ഊക്കം,,
forehead,,,നെറ്റി,,
foreign,,,വെളിനാട്ട്,,
forest,,,കാട്,,
forever,,,എന്നെന്നേക്കും,,
forget,,,മറക്കുക,,
forgive,,,പൊറുക്കുക,,
forgiveness,,,മാപ്പ്,,
form,,,ഉരുവം/വടിവ്,,
formal,,,മുറപ്പടി,,
formation,,,നില്‍പ്പുരുവം,,
former,,,മുന്‍പത്തെ,,
formula,,,കണക്കുരുവം,,
forth,,,മുന്നില്‍,,
fortune,,,,,
forward,,,മുന്നോട്ട്/മുന്നോക്കം,,
foster,,,പോറ്റുക,,
found,,,കണ്ടുപിടിച്ചു,,
foundation,,,അടിത്തറ,,
founder,,,പണിതവര്‍,,
four,,,നാല്,,
fourth,,,നാലാമത്തെ,,
frame,,,പുറംചട്ട,,
framework,,,ചട്ടക്കൂട്,,
free,,,വിടുതികൊണ്ട/വിലയറ്റ,,
freedom,,,വിടുതി,,
freeze,,,ഉറയ്ക്കുക,,
French,,,ഫ്രഞ്ച്/പിരന്തിര,,
frequency,,,പതിവ്,,
frequent,,,പതിവായ,,
frequently,,,അടിക്കടി,,
fresh,,,പുതിയ,,
friend,,,ചങ്ങാതി/കൂട്ടുകാരന്‍,,
friendly,,,ചങ്ങാത്തത്തോടെയുള്ള,,
friendship,,,ചങ്ങാത്തം,,
from,,,അതില്‍ നിന്നും,,
front,,,മുന്നില്‍,,
froth,,,പത/നുര,,
fruit,,,പഴം/കനി,,
frustration,,,കലിപ്പ്,,
fuel,,,എരിക്കോപ്പ്,,
full,,,മുഴുവന്‍,,
fully,,,മുഴുവനായി,,
fun,,,,,
function,,,പങ്കുമുറ/ഇയങ്ങുക,,
fund,,,മുതല്‍,,
fundamental,,,അടിത്തറ,,
funding,,,മുതല്‍മുടക്ക്,,
funeral,,,അടക്ക്,,
funny,,,തമാശ,,
furniture,,,മരയുരുപ്പടികൾ,,
furthermore,,,കൂടാതെ,,
future,,,വരുംകാലം,,
gain,,,നേട്ടം,,
galaxy,,,,,
gallery,,,കാണിയിടം,,
game,,,കളി,,
gang,,,കൂട്ടം,,
gap,,,വിടവ്,,
garage,,,വണ്ടിനിലവറ,,
garden,,,പൂന്തോട്ടം,,
garlic,,,വെളുത്തുള്ളി,,
gas,,,എരിക്കാറ്റ്,,
gate,,,കവാടം,,
gather,,,കൂടിചേരുക,,
gay,,,,,
gaze,,,നോട്ടം,,
gear,,,കുറ്റി,,
gender,,,കുറി,,
gene,,,,,
general,,,പൊതു,,
generally,,,പൊതുവേ,,
generate,,,ഉണ്ടാക്കുക,,
generation,,,തലമുറ,,
genetic,,,,,
genetic,,,,,
genome,,,,,
gentleman,,,ആണ്‍,,
gently,,,പതിയെ,,
German,,,ജര്‍മ്മന്‍,,
gesture,,,ചെയ്ത്ത്,,
get,,,കിട്ടുക/നേടുക,,
ghost,,,പേ,,
giant,,,കൂറ്റന്‍,,
gift,,,കൈമടക്ക്/പൊലിയുക,,
gifted,,,കഴിവുള്ള,,
girl,,,പെണ്‍കുട്ടി,,
girlfriend,,,അകമുടയാള്‍,,
give,,,കൊടുക്കുക/നല്‍കുക,,
given,,,കൊടുക്കപ്പെട്ട/നല്‍കിയ,,
glass,,,ചില്ല്,,
glove,,,കൈയുറ,,
glue,,,പശ,,
govern,,,കൈയാളുക,,
grab,,,പിടിക്കുക,,
grade,,,തരം,,
gradually,,,മെല്ലേ,,
graduate,,,,,
grain,,,"അരി (eg.മുളയരി, നെല്ല്)",,
grand,,,മൂത്ത,,
grandfather,,,മുത്തശ്ശന്‍,,
grandmother,,,മുത്തശ്ശി,,
grant,,,കൊടുക്കുക,,
grass,,,പുല്ല്,,
grave,,,കല്ലറ,,
gray,,,ചാരനിറം,,
great,,,മികച്ച,,
greatest,,,ഏറ്റവുംമികച്ച,,
greed,,,കൊടുംകൊതി,,
green,,,പച്ച,,
grind,,,അരയ്ക്കുക/പൊടിക്കുക,,
grocery,,,പലചരക്ക്,,
ground,,,തറ/നിലം,,
group,,,കൂട്ടം,,
grow,,,വളരുക,,
growing,,,വളരുന്നു,,
growl,,,മുരള്‍ച്ച,,
growth,,,വളര്‍ച്ച,,
guarantee,,,ഉറപ്പ്,,
guard,,,കാക്കുക,,
guess,,,ഊടം,,
guest,,,വിരുന്നുകാരന്‍,,
guide,,,വഴികാട്ടി,,
guideline,,,മുറ,,
guilty,,,കുറ്റമേല്‍ക്കുക,,
gum,,,പശ,,
gun,,,തോക്ക്,,
guy,,,പയ്യന്‍,,
habit,,,വഴക്കം,,
habitat,,,പാര്‍പ്പിടം,,
hair,,,മുടി,,
half,,,പകുതി/പാതി/അര,,
hall,,,,,
hammer,,,ചുറ്റിക,,
hand,,,കൈ,,
handful,,,കൈനിറയെ,,
handle,,,പിടി,,
hang,,,തൂങ്ങുക,,
happen,,,നടക്കുക/ഇടയുണ്ടാകുക,,
happy,,,മകിഴ്,,
hard,,,പാട്/കട്ടി/കടുത്ത,,
hardly,,,തീരെ,,
hat,,,തൊപ്പി,,
hate,,,വെറുപ്പ്,,
have,,,കൈയിലുണ്ടാകുക,,
he,,,അവന്‍,,
head,,,തല,,
headline,,,തലയുരി,,
headquarters,,,ഇടിപ്പിടം/തലയിടം,,
health,,,കെല്‍പ്പ്,,
healthy,,,കെല്‍പ്പുള്ള,,
hear,,,കേള്‍ക്കുക,,
hearing,,,കേള്‍വി,,
heart,,,ചങ്ക്,,
heartbeat,,,ചങ്കുതുടിപ്പ്,,
heat,,,ചൂട്,,
heaven,,,വിണ്ണ്,,
heavily,,,ഉറക്കെ,,
heavy,,,കനമുള്ള,,
heel,,,ഉപ്പുറ്റി/മടമ്പ്,,
height,,,ഉയരം/പൊക്കം,,
helicopter,,,കറങ്ങോടം,,
hell,,,കീഴുലകം,,
hello,,,വണക്കം,,
help,,,കൈത്താങ്ങ്/തുണ/ഉതക്കം,,
helpful,,,കൈത്താങ്ങായ,,
her,,,അവളെ,,
here,,,ഇവിടെ,,
heritage,,,പഴമ,,
hero,,,,,
herself,,,അവള്‍ തന്നെ,,
hide,,,ഒളിക്കുക/മറയ്ക്കുക,,
high,,,ഉയര്‍ന്ന,,
highlight,,,അടയാളപ്പെടുത്തല്‍,,
highly,,,വളരെ,,
highway,,,പെരുമ്പാത,,
hijack,,,റാഞ്ചുക,,
hill,,,കുന്ന്,,
him,,,അവനെ,,
himself,,,അവന്‍ തന്നെ,,
hip,,,ഇടുപ്പ്/അര,,
hire,,,വാടക,,
his,,,അവന്‍റെ,,
historian,,,പഴമകറ്റവര്‍,,
historic,,,പഴമയുള്ള,,
historical,,,പഴയകാല,,
history,,,പഴയകാലം/പഴപ്പാട്,,
hit,,,അടിക്കുക,,
hold,,,പിടിക്കുക,,
hole,,,തുള/ഓട്ട/കുഴി,,
holiday,,,ഒഴിവുനാള്‍/മുടക്ക്,,
holy,,,,,
home,,,വീട്,,
homeless,,,വീടില്ലാത്ത,,
honest,,,നെറിയുള്ള,,
honey,,,തേന്‍,,
honor,,,മാനം,,
hope,,,,,
horizon,,,അതിര്,,
horror,,,പേടിപ്പെടുത്തുന്നത്,,
horse,,,കുതിര,,
hospital,,,ആശുപത്രി,,
host,,,വരവേല്‍പ്പവര്‍,,
hot,,,ചൂട്,,
hotel,,,ഹോട്ടല്‍,,
hour,,,മണിക്കൂര്‍,,
house,,,വീട്/പുര,,
household,,,കുടുംബം,,
housing,,,പാര്‍പ്പിടം,,
how,,,എങ്ങിനെ,,
however,,,എന്നിരുന്നാലും,,
huge,,,കൂറ്റന്‍,,
human,,,ആള്‍/മാന്തര്‍/ഇമ്പര്‍,,
humidity,,,ഈര്‍പ്പം,,
humility,,,അടക്കം/താഴ്മ,,
humor,,,,,
hundred,,,നൂറ്,,
hungry,,,വിശപ്പ്,,
hunter,,,വേട്ടക്കാരന്‍,,
hunting,,,വേട്ടയാടുക/നായാട്ട്,,
hurry,,,തിടുക്കം,,
hurt,,,പരിക്കേല്‍പ്പിക്കുക,,
husband,,,അകത്താൻ,,
hypothesis,,,,,
identical,,,ഒരേപോലത്തെ,,
ignorance,,,അറിവില്ലായ്മ,,
ignore,,,കണ്ടില്ലെന്ന് നടിക്കുക,,
ill,,,ചീത്ത,,
illegal,,,ചട്ടത്തിനെതിരെ,,
illness,,,വയ്യായ്ക,,
immerse,,,മുഴുകുക,,
impersonation,,,ആള്‍മാറാട്ടം,,
import,,,ഇറക്കുമതി,,
importance,,,തലക്കം,,
impose,,,അടിച്ചേല്‍പ്പിക്കുക,,
impossible,,,നടക്കാത്തത്,,
impress,,,,,
impression,,,തോന്നല്‍,,
impressive,,,മികച്ച,,
incentive,,,ഇനാം (അറബി),,
incident,,,,,
include,,,ഉള്‍പ്പെടുത്തുക/ചേര്‍ക്കുക,,
including,,,ഉള്‍പ്പെടെ,,
income,,,വരവ്,,
incorporate,,,ഉള്‍പ്പെടുത്തുക,,
increase,,,കൂടുക,,
increased,,,കൂടി,,
increasing,,,കൂടുന്ന,,
increasingly,,,കൂടുതലായി,,
incredible,,,കിടിലന്‍,,
indeed,,,തീര്‍ച്ചയായും,,
independence,,,വിടുതി,,
independent,,,വിടുതികൊണ്ട,,
index,,,ചൂണ്ട്,,
Indian,,,ഇന്‍ഡ്യന്‍,,
indicate,,,അടയാളപ്പെടുത്തുക,,
indication,,,അടയാളം,,
indicator,,,നിലകാട്ടി,,
individual,,,തനിത്തനി,,
indulge,,,മുഴുകുക,,
industrial,,,,,
industry,,,,,
infant,,,കൈക്കുഞ്ഞ്,,
infection,,,പഴുപ്പ്,,
infinite,,,അളവറ്റ,,
inflation,,,പണപ്പെരുപ്പം,,
influence,,,,,
inform,,,അറിയിക്കുക,,
information,,,അറിവ്/വിവരം,,
ingredient,,,ചേരുവ,,
initial,,,തുടക്കം,,
initially,,,തുടക്കത്തില്‍,,
initiative,,,തുടക്കംകുറിക്കല്‍/മുതിര്‍ച്ച,,
injection,,,കുത്തിവയ്പ്,,
injury,,,പരുക്ക്,,
injustice,,,നെറികേട്,,
inner,,,അകത്തെ,,
innocent,,,പാവം/കുറ്റമറ്റ,,
innovation,,,പുതുമ,,
input,,,അകത്തൂട്ട്,,
inquiry,,,തിരച്ചില്‍,,
inside,,,അകത്ത്,,
insight,,,ഉള്‍ക്കാഴ്ച,,
insist,,,വാശിപിടിക്കുക,,
inspire,,,,,
install,,,നിറയ്ക്കുക,,
instance,,,എടുത്തുകാട്ടല്‍,,
instead,,,പകരം,,
institution,,,,,
institutional,,,,,
instruction,,,ചെയ്മുറ,,
instructor,,,,,
instrument,,,കരിവി,,
insufficient,,,പോരാ,,
insult,,,ഇകഴ്ത്തുക,,
insurance,,,ഉറപ്പീട്,,
intellectual,,,അറിവാളത്തം,,
intelligence,,,അറിവ്,,
intend,,,,,
intense,,,കനത്ത,,
intensity,,,കനപ്പ്,,
intention,,,,,
interaction,,,ഇടപഴകല്‍,,
interest,,,പലിശ/കുറുപാട്/കമ്പം,,
interested,,,,,
interesting,,,കളിയുണര്‍ത്തുന്ന,,
interference,,,ഇടപെടല്‍,,
internal,,,ഉള്‍,,
international,,,പലനാട്ട്,,
Internet,,,,,
interpret,,,,,
interpretation,,,,,
interruption,,,ഇടതടവ്,,
intervention,,,ഇടപെടല്‍,,
interview,,,കൂടിക്കാഴ്ച,,
into,,,അതിലേക്ക്,,
introduce,,,നടപ്പിലാക്കുക,,
introduction,,,,,
intrude,,,നുഴഞ്ഞുകയറുക,,
intrusion,,,നുഴഞ്ഞുകയറ്റം,,
invasion,,,കടന്നുകയറ്റം,,
invest,,,പണമിറക്കുക/ഈടുവെപ്പ്,,
investigate,,,തിരയുക,,
investigation,,,തിരച്ചില്‍/ആരാഴ്ചി,,
investigator,,,ആരാച്ചികന്‍,,
investment,,,മുതല്‍മുടക്ക്,,
investor,,,മുതലിറപ്പോര്‍,,
invite,,,വിളിക്കുക,,
involve,,,ഇടപെടുക,,
involved,,,ഇടപെട്ട,,
involvement,,,ഇടപെടല്‍,,
Iraqi,,,ഇറാഖി,,
Irish,,,ഐറിഷ്,,
iron,,,ഇരുമ്പ്,,
Islamic,,,ഇസ്ലാമിക,,
island,,,തുരുത്ത്,,
Israeli,,,ഇസ്രായേലി,,
issue,,,കുഴപ്പം,,
it,,,അത്,,
Italian,,,ഇറ്റാലിയന്‍,,
itch,,,ചൊറിയുക,,
item,,,ഉരുപ്പടി,,
its,,,അതിന്‍റെ,,
itself,,,തന്നെത്താന്‍,,
jacket,,,മേലങ്കി,,
jail,,,തടവറ,,
Japanese,,,ജാപ്പനീസ്,,
javelin,,,കുന്തം,,
javelin throw,,,കുന്തമേറ്,,
jealousy,,,കുശുമ്പ്,,
jet,,,ചീറ്റുക,,
Jew,,,ജൂതന്‍,,
Jewish,,,ജൂത,,
job,,,ജോലി/പണി,,
join,,,ചേര്‍ക്കുക,,
joint,,,ചേര്‍പ്പ്‌,,
joke,,,തമാശ,,
journal,,,,,
journalist,,,,,
journey,,,വഴിപോക്ക്,,
joy,,,മകിഴ്മ,,
judge,,,നെറിവാളി,,
judgment,,,നെറിവുപറച്ചില്‍,,
juice,,,പഴച്ചാറ്,,
jump,,,ചാടുക,,
junior,,,ഇളയവര്‍,,
jury,,,നെറിവാളര്‍,,
justice,,,നെറിവ്,,
kid,,,കുട്ടി,,
kidnap,,,തട്ടിക്കൊണ്ടുപോകല്‍,,
kick,,,തൊഴി/തൊഴിക്കുക,,
kindergarten,,,എഴുത്തുപള്ളികൂടം,,
kiss,,,മുത്തം/ഉമ്മ വയ്ക്കുക,,
landscape,,,,,
language,,,മൊഴി,,
lap,,,മടി,,
large,,,കൂറ്റന്‍,,
largely,,,ഏറെക്കുറേ,,
last,,,ഒടുക്കം,,
late,,,വൈകി,,
later,,,പിന്നീട്,,
Latin,,,ലത്തീന്‍,,
latter,,,ഒടുക്കത്തേത്,,
laugh,,,ചിരിക്കുക',,
launch,,,തൊടുക്കുക,,
law,,,ചട്ടം,,
lawn,,,മുറ്റം,,
lawsuit,,,വക്കാലത്ത്,,
lawyer,,,വക്കീല്‍,,
lay,,,കിടക്കുക,,
layer,,,പാളി,,
laziness,,,മടി,,
lead,,,മുന്നിടുക,,
leader,,,വഴികാട്ടി,,
leadership,,,വഴികാട്ടല്‍,,
leading,,,മുന്നിട്ട് നില്‍ക്കുന്ന,,
leaf,,,ഇല,,
league,,,,,
lean,,,മെലിഞ്ഞ/മെലിയുക,,
learn,,,കല്‍ക്കുക,,
learning,,,കറ്റല്‍,,
least,,,ഏറ്റവും കുറഞ്ഞ,,
leather,,,തുകല്‍,,
leave,,,വിടുക,,
left,,,ഇടത്,,
leg,,,കാല്‍,,
legacy,,,വീരക്കഥ,,
legal,,,ചട്ടമുറ,,
legend,,,പഴങ്കഥ,,
legislation,,,ചട്ടം ചമയ്ക്കല്‍,,
legitimate,,,ചട്ടമുറയ്ക്കുള്ള,,
lemon,,,നാരങ്ങ,,
length,,,നീളം,,
less,,,കുറവ്,,
lesson,,,,,
let,,,വിടുക,,
letter,,,കത്ത്,,
level,,,തലം/നില/നിരപ്പ്,,
liberal,,,വിടുതല്‍കൊണ്ട,,
library,,,ഏടകം,,
license,,,,,
lie,,,നുണ/കള്ളം,,
life,,,പൊറുതി/ഉയിര്,,
lifestyle,,,ഉയിര്‍മുറ,,
lifetime,,,ഉയിര്‍ക്കാലം,,
lift,,,ഉയര്‍ത്തുക/ഏറ്റുമുറി/ഏറ്റി,,
light,,,ഒളി,,
like,,,പോലെ/ഇമ്പം/ഇമ്പപ്പെടുക,,
likely,,,ഇടയുള്ള,,
limit,,,അതിര്‍ത്തി,,
limitation,,,അതിര്/പോരായ്മ,,
limited,,,തടസ്സപെട്ട,,
line,,,വര/വരി,,
link,,,കണ്ണി,,
lip,,,ചുണ്ട്,,
list,,,പട്ടിക,,
liver,,,കരള്‍,,
loan,,,കടം/വായ്പ,,
local,,,നാടന്‍,,
locate,,,കണ്ടുപിടിക്കുക,,
location,,,ഇടം,,
lock,,,പൂട്ട്,,
long,,,നീണ്ട,,
long-term,,,നീണ്ടകാല/നീണാള്‍,,
look,,,നോക്കുക,,
loophole,,,പഴുത്,,
loose,,,അഴിഞ്ഞ,,
lose,,,തോല്‍ക്കുക,,
loss,,,കോട്ടം,,
lost,,,തോറ്റു,,
lot,,,നിറയേ/ഒരുപാട്/കുറേ,,
lots,,,നിറയേ/ഒരുപാട്/കുറേ,,
loud,,,ഉച്ചത്തില്‍/ഉറക്കെ,,
love,,,അന്‍പ്/ഉറവ്,,
lovely,,,അന്‍പാര്‍ന്ന,,
lover,,,അന്‍പന്‍,,
low,,,താണനില,,
lower,,,താണ/താഴത്തെ,,
luck,,,ഊഴ്,,
lucky,,,ഊഴുറ്റ,,
lunch,,,ഉച്ചയൂണ്,,
lung,,,,,
luxury,,,കൊലുമ/പകിട്ട്,,
machine,,,തിരാണ്ടം,,
mad,,,വട്ട്,,
magazine,,,,,
mail,,,തപാല്‍,,
main,,,തലക്കമുള്ള,,
mainly,,,തലക്കമായി,,
maintain,,,അറ്റകുറ്റപ്പണി ചെയ്യുക,,
maintenance,,,അറ്റകുറ്റപ്പണി,,
major,,,ഉയര്‍ന്ന,,
majority,,,ഏറിയപങ്ക്,,
make,,,ഉണ്ടാക്കുക,,
maker,,,ചമയ്പ്പാളി,,
makeup,,,മുഖംമിനുക്കി,,
male,,,ആണ്‍,,
mall,,,,,
mammal,,,പെറുംമാക്,,
man,,,ആണ്‍/ആള്‍,,
manage,,,കൈയാളുക,,
management,,,പൊഴുതി,,
manager,,,മേലാളന്‍/പൊഴുതിക്കാരന്‍,,
manner,,,മട്ട്,,
manufacturer,,,ചമയ്പ്പാളി,,
manufacturing,,,ചമയ്പ്പ്,,
many,,,പല,,
map,,,വഴിപ്പടം,,
margin,,,അരിക്,,
mark,,,പാട്/അടയാളം,,
market,,,ചന്ത/അങ്ങാടി,,
marketing,,,വില്‍പ്പനപ്പാട്,,
marriage,,,മിന്നുകെട്ട്,,
married,,,മിന്നുകെട്ടിയ,,
marry,,,മിന്നുകെട്ടുക,,
mask,,,പൊയ്മുഞ്ഞി/മുഞ്ഞിമൂടി,,
mass,,,കനം,,
massage,,,ഉഴിച്ചില്‍/തിരുമ്മല്‍,,
massive,,,കൂറ്റന്‍,,
master,,,ആശാന്‍,,
match,,,"പൊരുത്തം, ഉടപ്പം",,
material,,,,,
math,,,കണക്ക്,,
matter,,,തുറം,,
may,,,കഴിയും,,
maybe,,,ഒരുപക്ഷേ,,
mayor,,,നാടുവാഴി,,
me,,,എന്നെ,,
meal,,,ഊണ്,,
mean,,,ശരാശരി,,
meaning,,,പൊരുള്‍,,
meanwhile,,,അതേനേരം,,
measure,,,അളവ്/അളക്കുക,,
meeting,,,കണ്ടുമുട്ടല്‍/കൂടിക്കാഴ്ച,,
member,,,അണി,,
membership,,,അണിചേരല്‍,,
memory,,,ഓര്‍മ്മ,,
mental,,,,,
mention,,,പേരുകുറിക്കുക,,
mentor,,,നേരുകാട്ടി,,
menu,,,തീന്‍പട്ടിക,,
mere,,,വെറും,,
merely,,,വെറും,,
mess,,,കച്ചര,,
message,,,നേര്‍ക്കുറിപ്പ്,,
metal,,,,,
meter,,,അളവുകോല്‍,,
method,,,മുറ,,
Mexican,,,മെക്സിക്കന്‍,,
middle,,,ഇടയില്‍,,
might,,,കരുത്ത്,,
military,,,പട്ടാളം,,
milk,,,പാല്‍,,
million,,,പത്തുലക്ഷം,,
mind,,,അകതാർ/ഉള്ളം,,
mine,,,എന്‍റെത്,,
minister,,,,,
minor,,,ചെറിയ/ഇളയ,,
minority,,,കുറിയപങ്ക്,,
minute,,,മിനിറ്റ്,,
miracle,,,,,
mirror,,,കണ്ണാടി,,
mischief,,,കുറുമ്പ്,,
miss,,,ഉന്നംതെറ്റുക,,
missile,,,പോര്‍മുന,,
mission,,,,,
mistake,,,പിഴവ്/തെറ്റ്,,
mix,,,കലര്‍ത്തുക,,
mixture,,,കലര്‍പ്പ്,,
mode,,,മുറ,,
model,,,മച്ചം/മാതിരി,,
moderate,,,ഇടത്തരം,,
moderation,,,ചെറിയതോതില്‍,,
modern,,,പുത്തന്‍,,
modest,,,എളിമയുള്ള,,
mom,,,തള്ള,,
moment,,,ഞൊടി,,
money,,,കാശ്/പണം,,
monitor,,,കണ്ണുവയ്ക്കുക,,
month,,,മാസം,,
mood,,,ഉള്‍നില,,
moon,,,തിങ്കള്‍,,
moral,,,നന്മ,,
morale,,,വീറ്,,
more,,,കൂടുതല്‍,,
moreover,,,തന്നെയുമല്ല,,
morning,,,കാലത്ത്/രാവിലെ/പുലരി,,
mortgage,,,പണയം,,
most,,,ഏറ്റവും,,
mostly,,,കൂടുതലും,,
mother,,,തള്ള,,
motion,,,നീക്കം,,
motivation,,,ഉള്‍ചെലുത്ത്,,
motor,,,,,
mount,,,കയറുക,,
mountain,,,മല,,
mouse,,,ചുണ്ടെലി,,
mouth,,,വായ,,
move,,,നീങ്ങുക/അനങ്ങുക,,
movement,,,അനക്കം,,
movie,,,പടം/തിരക്കാഴ്ച,,
Mr,,,,,
Mrs,,,,,
Ms,,,,,
much,,,വളരെ,,
multiple,,,പല,,
multiply,,,പെരുക്കുക,,
murder,,,കൊലപാതകം,,
muscle,,,പേശി,,
museum,,,കാഴ്ചബംഗ്ലാവ്,,
music,,,പാട്ട്,,
musical,,,,,
musician,,,പാട്ടുകാരന്‍,,
Muslim,,,മുസ്ലീം,,
must,,,വേണ്ടത്,,
mutual,,,തമ്മില്‍,,
my,,,എന്‍റെ,,
myself,,,എന്നെത്തന്നെ/എന്നോട്,,
mystery,,,,,
myth,,,കെട്ടുകഥ,,
naked,,,ഉടുതുണിയറ്റ/പച്ചയായ,,
name,,,പേര്,,
narrative,,,പറച്ചില്‍,,
narrow,,,നേര്‍ന്ന/കുറിയ,,
nation,,,നാട്'/കടകം,,
national,,,നാട്ട്/കടക,,
native,,,നാട്ടുകാരന്‍,,
natural,,,തനി/പച്ച,,
nature,,,തഴക്കം/തനം,,
negative,,,കീഴ്കണക്ക്,,
neighbor,,,അയല്‍ക്കാരന്‍,,
neighborhood,,,അയല്‍പ്പക്കം,,
neither,,,അതുമല്ല,,
nerve,,,ഞരമ്പ്‌,,
nervous,,,പേടിച്ചരണ്ട,,
net,,,വല,,
network,,,കണ്ണിക,,
neutral,,,നടുനില,,
never,,,ഒരിക്കലും,,
nevertheless,,,എന്നിരുന്നാലും,,
new,,,പുതിയ,,
newly,,,പുതുതായി,,
news,,,,,
newspaper,,,,,
next,,,അടുത്തത്,,
nice,,,നല്ലത്,,
night,,,ഇരവ്,,
nine,,,ഒന്‍പത്,,
no,,,ഇല്ല,,
nobody,,,ആരുമല്ല,,
nod,,,തലയാട്ടുക,,
noise,,,ഒച്ച,,
nomination,,,പേരുചേര്‍ക്കല്‍,,
none,,,ഒന്നുമല്ല,,
nonetheless,,,എന്നിരുന്നാലും,,
noon,,,നട്ടുച്ച,,
nor,,,അതുമല്ല,,
normal,,,പൊതു,,
normally,,,പൊതുവേ,,
north,,,വടക്ക്,,
northern,,,വടക്കുള്ള,,
nose,,,മൂക്ക്,,
not,,,അല്ല,,
note,,,കുറിപ്പ്,,
nothing,,,ഒന്നുമില്ല',,
notice,,,കണ്ണില്‍പ്പെടുക/അറിയിപ്പ്,,
notion,,,തോന്നല്‍,,
novel,,,പെരുങ്കഥ/നീണ്ടകഥ,,
novelty,,,പുതുമ,,
now,,,ഇപ്പോള്‍,,
nowhere,,,ഒരിടത്തുമില്ല,,
nuclear,,,,,
number,,,എണ്ണം,,
numerous,,,പല,,
nurse,,,,,
nurture,,,പേറ്റുക/പേണുക,,
nut,,,അണ്ടി/കുരു,,
obedience,,,ചൊല്‍പ്പടി,,
object,,,പണ്ടം/പൊരുള്‍,,
objective,,,ഉന്നം,,
obligation,,,കടപ്പാട്,,
observation,,,കണ്‍പെടല്‍,,
observe,,,കണ്‍പെടുക,,
observer,,,കണ്‍പെട്ടവര്‍,,
obtain,,,നേടുക/കിട്ടുക,,
obvious,,,തീര്‍ച്ച,,
obviously,,,തീര്‍ച്ചയായും,,
occasion,,,ഇട,,
occasionally,,,ചിലപ്പോള്‍,,
occupation,,,തൊഴില്‍,,
occupy,,,കൈക്കലാക്കുക,,
occur,,,നടക്കുക,,
ocean,,,പെരുങ്കടല്‍,,
odd,,,ഒറ്റ,,
odds,,,ഇട,,
of,,,അതിന്‍റെ,,
off,,,അണച്ച,,
offense,,,കുറ്റം,,
offensive,,,മുന്നീക്കം,,
offer,,,,,
office,,,,,
officer,,,മേലാളന്‍,,
official,,,,,
offspring,,,മക്കള്‍,,
often,,,അടിക്കടി/മിക്കപ്പോഴും,,
oh,,,ഓ,,
oil,,,എണ്ണ,,
ointment,,,കുഴമ്പ്,,
ok,,,ശരി,,
okay,,,ശരി,,
old,,,പഴയ,,
Olympic,,,ഒളിമ്പിക്,,
on,,,മേലെ,,
once,,,ഒരിക്കല്‍,,
one,,,ഒന്ന്,,
ongoing,,,നടപ്പ്,,
onion,,,ഉള്ളി,,
online,,,,,
only,,,മുറ്റും/ഒറ്റ,,
onto,,,മീതെ,,
open,,,തുറക്കുക/തുറന്ന,,
opening,,,തുറക്കല്‍,,
operate,,,,,
operating,,,,,
operation,,,,,
operator,,,കൈയാള്‍,,
opinion,,,നിനവുരി,,
opponent,,,എതിരാളി,,
opportunity,,,തക്കം,,
oppose,,,എതിര്‍ക്കുക,,
opposite,,,എതിരായ,,
opposition,,,എതിര്‍പ്പ്,,
option,,,പലവക,,
or,,,അല്ലെങ്കില്‍,,
orange,,,ഇനിയനാരങ്ങ,,
orbit,,,ചുറ്റുപാത,,
order,,,ഒഴുങ്ങ്/ഏക്ക്/അടുക്ക്,,
ordinary,,,പച്ച,,
organic,,,നാടന്‍,,
organization,,,കൂട്ടായ്മ,,
organize,,,ഏര്‍പ്പാടാക്കുക,,
orientation,,,നില്‍പ്പുമൂല,,
origin,,,ഉറവ,,
original,,,തനി,,
outcome,,,വിളവ്,,
output,,,പുറത്തൂട്ട്,,
outside,,,പുറത്ത്/വെളിയേ,,
oven,,,ചൂള,,
over,,,മേലെ,,
overall,,,മൊത്തത്തില്‍,,
overcome,,,മറികടക്കുക,,
overlook,,,മറിനോക്കുക,,
overview,,,നേര്‍നോട്ടം,,
owe,,,കടപ്പെട്ടിരിക്കുക,,
own,,,,,
owner,,,ഉടമ,,
ownership,,,ഉടയത്തം,,
oyster,,,കക്ക,,
pace,,,വിരവ്,,
pack,,,കെട്ടുക,,
package,,,കെട്ട്,,
page,,,ഏട്/താള്‍,,
pain,,,നോവ്,,
painful,,,നോവാര്‍ന്ന,,
paint,,,ചായം,,
painter,,,ചായംപൂശുകാരന്‍,,
painting,,,ചായംപൂശല്‍,,
pair,,,ഇണ,,
pale,,,വിളറിയ,,
Palestinian,,,പലസ്തീനിയൻ,,
palm,,,പന/കൈപ്പത്തി,,
pan,,,ചട്ടി,,
panel,,,,,
pant,,,,,
paper,,,കടലാസ്സ്,,
parent,,,പെറ്റവര്‍,,
park,,,പൂന്തോട്ടം,,
parking,,,നിർത്തിടം,,
part,,,പങ്ക്,,
participant,,,പങ്കാളി,,
participate,,,പങ്കെടുക്കുക,,
participation,,,പങ്കെടുപ്പ്,,
particular,,,,,
particularly,,,,,
partly,,,ഒരളവില്‍,,
partner,,,പങ്കാളി,,
partnership,,,പങ്കാളിത്തം/കൂട്ടുകച്ചവടം,,
party,,,,,
pass,,,കടക്കുക/കടത്തുചീട്ട്,,
passage,,,പോക്കുവഴി,,
passenger,,,കൂട്ടുവഴിപോക്കന്‍,,
passion,,,,,
past,,,മുന്‍കാല,,
pastime,,,നേരമ്പോക്ക്,,
patch,,,തുണ്ട്,,
path,,,പാത,,
patient,,,വയ്യാത്തവര്‍/നോവാളി,,
patrol,,,റോന്തുചുറ്റല്‍,,
pattern,,,മച്ചം,,
pause,,,ഇടനേരമെടുക്കുക,,
pawn,,,പണയം,,
pay,,,പണമടയ്ക്കുക,,
payment,,,പണമടവ്,,
PC,,,പി.സി,,
peace,,,,,
peak,,,കൊടുമുടി,,
pebble,,,ഉരുളന്‍കല്ല്,,
pedestrian,,,കാല്‍നടക്കാര്‍,,
peer,,,കൂട്ടാളികള്‍,,
pen,,,പേന,,
penalty,,,പിഴ,,
pencil,,,എഴുത്തുകോല്‍,,
people,,,ആളുകള്‍',,
pepper,,,കുരുമുളക്',,
per,,,തോറും,,
perceive,,,കാണുക,,
percentage,,,നൂറ്റളവ്/നൂറ്റുമാനം,,
perception,,,കാഴ്ചമൂല,,
perfect,,,തികഞ്ഞ,,
perfectly,,,തികച്ചും,,
perform,,,ചെയ്യുക/കളിക്കുക/നിറവേറ്റുക,,
performance,,,കളിമികവ്,,
perhaps,,,ഒരുപക്ഷേ,,
period,,,കാലം,,
permanent,,,ഈടുറ്റ,,
permission,,,,,
permit,,,,,
person,,,ആള്‍,,
personal,,,,,
personality,,,ആളത്തം,,
personally,,,,,
personnel,,,ആള്‍ക്കരുത്ത്,,
perspective,,,കാഴ്ചപ്പാട്,,
persuade,,,,,
pesticide,,,പുഴുക്കൊല്ലി,,
pet,,,വളര്‍ത്തുമാക്,,
phase,,,തലം,,
phenomenon,,,,,
philosophy,,,ഉറ്ററിവ്,,
phone,,,ഫോണ്‍,,
photo,,,ഫോട്ടോ,,
photograph,,,പടമെടുപ്പ്,,
photographer,,,പടമെടുപ്പുകാരൻ,,
phrase,,,ചൊല്ല്,,
physical,,,,,
physically,,,,,
physician,,,,,
piano,,,പിയാനോ,,
pick,,,പറിക്കുക/തിരഞ്ഞെടുക്കുക/പെറുക്കുക,,
picture,,,പടം,,
pie,,,അട,,
piechart,,,വട്ടവരപ്പടം,,
piece,,,മുറി/തുണ്ട്,,
pile,,,കൂന,,
pilot,,,പറപ്പാളി,,
pine,,,പൈന്‍മരം,,
pink,,,പാടലനിറം,,
pipe,,,കുഴല്‍,,
pitch,,,കളിനിലം,,
place,,,ഇടം,,
plan,,,മുന്നൊരുക്കം,,
plane,,,വിണ്ണോടം,,
planet,,,വാനത്തിരള്‍,,
planning,,,,,
plant,,,ചെടി/നടുക,,
plastic,,,പശിയം,,
plate,,,തീന്‍തട്ട്/പിഞ്ഞാണം,,
platform,,,തട്ട്,,
play,,,കളി/കളിക്കുക,,
player,,,കളിക്കാരന്‍,,
please,,,കനിവായി,,
pleasure,,,,,
plenty,,,ഏറെ/ഒരുപാട്/ഒത്തിരി,,
plot,,,തുണ്ടുനിലം/വരപ്പ്,,
plus,,,കൂടുതല്‍,,
PM,,,വൈകീട്ട്,,
pocket,,,കീശ,,
poem,,,പാന,,
poet,,,പാനയാളി,,
poetry,,,പാനപ്പാട്,,
point,,,കുത്ത്/ചൂണ്ടുക,,
pole,,,കഴുക്കോല്‍,,
police,,,പോലീസ്,,
policy,,,മുറ,,
political,,,,,
politically,,,,,
politician,,,,,
politics,,,നാടുവാഴ്ച,,
poll,,,തിരഞ്ഞെടുപ്പ്,,
pollution,,,,,
pool,,,നീന്തല്‍ക്കുളം,,
poop,,,അപ്പി,,
poor,,,പാവപ്പെട്ട,,
pop,,,പോപ്പ്,,
popular,,,പേരുകേട്ട,,
population,,,ആള്‍പെരുപ്പം,,
porch,,,പൂമുഖം,,
port,,,തുറമുഖം,,
portion,,,പങ്ക്,,
portrait,,,ഉരുവപ്പടം,,
portray,,,വരച്ചുകാട്ടുക,,
pose,,,നില്‍പ്പ്,,
position,,,നില്‍പ്പിടം/ഇരുപ്പ്,,
positive,,,മേല്‍കണക്ക്,,
possess,,,കൈക്കല്‍ ഉണ്ടാകുക,,
possibility,,,ഇട,,
possible,,,ഇടയുള്ളത്,,
possibly,,,കഴിയുമെങ്കില്‍,,
post,,,തപാല്‍/കുറ്റി,,
posture,,,ഇരുത്തം/നില്‍പ്പ്,,
pot,,,കലം,,
potato,,,ഉരുളക്കിഴങ്ങ്,,
potential,,,മുന്നിട,,
potentially,,,മുന്നിടയുള്ള,,
pound,,,പൌണ്ട്,,
pour,,,ഒഴിക്കുക,,
poverty,,,അരിപ്പം,,
powder,,,പൊടി,,
power,,,ഈട്/കരുത്ത്,,
powerful,,,കരുത്തുറ്റ,,
practical,,,ചെയ്യുമാറായ,,
practice,,,പയറ്റ്/തഴക്കം,,
pray,,,തൊഴുക,,
prayer,,,തൊഴല്‍,,
precisely,,,നേര്‍മ്മയായി,,
predict,,,ഊടം,,
prefer,,,മുന്‍‌തൂക്കം കൊടുക്കുക,,
preference,,,മുന്‍‌തൂക്കം,,
pregnancy,,,ഈറ്റ്,,
pregnant,,,ഈറ്റ,,
preparation,,,ഒരുക്കം,,
prepare,,,ഒരുക്കുക,,
prescription,,,മരുന്നുകുറിപ്പ്,,
presence,,,നിലനില്‍പ്പ്‌,,
present,,,അപ്പോള്‍,,
presentation,,,വെളികാട്ടല്‍,,
preserve,,,കാക്കുക,,
president,,,നാട്ടുതലവന്‍,,
presidential,,,നാട്ടുതലവന്‍റെ,,
press,,,ഞെക്കുക,,
pressure,,,ഞെരുക്കം,,
pretend,,,നടിക്കുക,,
pretty,,,അഴകാര്‍ന്ന,,
prevent,,,തടയുക,,
previous,,,മുന്‍പ്,,
previously,,,മുന്‍പത്തെ,,
price,,,വില,,
pride,,,പെരുമ,,
priest,,,,,
primarily,,,,,
primary,,,,,
prime,,,,,
principal,,,തലക്കപ്പെട്ട,,
principle,,,ഊട്,,
print,,,അച്ച്,,
prior,,,മുന്‍പത്തെ,,
priority,,,മുന്നായ്മ,,
prison,,,തടവ്,,
prisoner,,,തടവുകാരന്‍,,
privacy,,,തന്നായ്മ,,
private,,,തന്നായ,,
probability,,,ഇട,,
probably,,,ഒരുപക്ഷേ,,
problem,,,കുഴപ്പം/പിരളി/തൊന്തരവ്‌,,
procedure,,,മുറ,,
proceed,,,മുന്നോട്ടുനീങ്ങുക,,
process,,,മുറ/നടപടി,,
procrastination,,,നീട്ടിവെപ്പ്,,
produce,,,ചമയ്ക്കുക,,
producer,,,ചമയ്പ്പവര്‍,,
product,,,ചമയ്പ്പ്,,
production,,,ചമയ്ക്കല്‍,,
profession,,,തൊഴില്‍,,
professional,,,തൊഴില്‍മട്ട്,,
professor,,,,,
profile,,,,,
profit,,,ഈട്ട്,,
program,,,പരിപാടി,,
programming,,,മുറയെഴുത്ത്,,
progress,,,മുന്നേറ്റം,,
project,,,,,
prominent,,,മുന്തിയ,,
promise,,,വാക്കുകൊടുക്കുക,,
promote,,,ജോലിക്കയറ്റം കൊടുക്കുക,,
prompt,,,കണിശമായി/തുമ്പ്,,
proof,,,തെളിവ്,,
proper,,,ശരിയായ,,
properly,,,ശരിയായി,,
property,,,,,
proportion,,,പങ്ക്,,
proposal,,,,,
propose,,,,,
proposed,,,,,
prosecutor,,,വക്കാണത്താന്‍,,
prospect,,,,,
prosperity,,,ചിറപ്പ്,,
protect,,,കാക്കുക,,
protection,,,കാക്കല്‍,,
protein,,,,,
protest,,,എതിര്‍പ്പ്,,
proud,,,പെരുമയുള്ള,,
prove,,,തെളിയിക്കുക,,
provide,,,കൊടുക്കുക,,
provider,,,കൊടുക്കുന്നവര്‍,,
province,,,നാടുപകുപ്പ്,,
provision,,,വകുപ്പ്,,
psychological,,,,,
psychologist,,,,,
psychology,,,,,
public,,,പൊതു,,
publication,,,അച്ചടി,,
publicly,,,പൊതുയിടത്തിൽ,,
publish,,,അച്ചടിക്കുക,,
publisher,,,അച്ചടികൂടം,,
pull,,,വലിക്കുക,,
pulse,,,തുടിപ്പ്,,
punctuality,,,ചിട്ട,,
punishment,,,പിഴ,,
purchase,,,വാങ്ങല്‍,,
pure,,,തെളിമയാര്‍ന്ന,,
purpose,,,ഉന്നം,,
pursue,,,പിന്തുടരുക,,
push,,,തള്ളുക,,
put,,,ഇടുക,,
qualify,,,മേന്മനോക്കുക/മേന്മനേടുക,,
quality,,,നിലവാരം/മേന്മ,,
quarter,,,കാല്‍പ്പങ്ക്,,
quarterback,,,ക്വാര്‍ട്ടര്‍ബാക്ക്,,
question,,,വിനവ്,,
quick,,,വിനവുള്ള,,
quickly,,,പൊടുന്നനേ,,
quiet,,,ഒച്ചയില്ലായ്മ,,
quietly,,,ഒച്ചയില്ലാതെ,,
quit,,,വിട്ടുപോകുക,,
quite,,,കുറെയൊക്കെ,,
quote,,,ചൊല്ല്,,
rare,,,അരിയ,,
rate,,,നിരക്ക്/വില,,
reading,,,വായിക്കുക,,
ready,,,തയ്യാര്‍,,
real,,,ശരിക്കുള്ള,,
reality,,,ഉണ്മ,,
realization,,,തിരിച്ചറിവ്,,
realize,,,തിരിച്ചറിയുക,,
really,,,ശരിക്കും,,
reason,,,വയനം/കച്ചം,,
reasonable,,,നേറിവുള്ള,,
recall,,,ഓര്‍ത്തെടുക്കുക,,
receive,,,കിട്ടുക,,
recent,,,അടുത്തിടെ,,
recently,,,അടുത്തിടെയായി,,
recipe,,,,,
recite,,,ഓതുക,,
recognition,,,തിരിച്ചറിവ്,,
recognize,,,തിരിച്ചറിയുക,,
recommend,,,ശുപാര്‍ശചെയ്യുക,,
recommendation,,,ശുപാര്‍ശ,,
record,,,കുറിക്കുക,,
recording,,,കുറിപ്പ്,,
recover,,,വീണ്ടെടുക്കുക,,
recovery,,,വീണ്ടെടുക്കല്‍,,
recruit,,,തൊഴില്‍കൊടുക്കുക,,
red,,,ചുവപ്പ്,,
reduce,,,കുറവ്,,
reduction,,,കുറവ്,,
refer,,,കുറിക്കുക,,
reference,,,കുറിപ്പ്,,
reflect,,,നിഴലാടുക,,
reflection,,,നിഴലാട്ടം,,
reform,,,മാറ്റിയെടുക്കുക,,
refugee,,,നാടറ്റവര്‍,,
refuse,,,വേണ്ടെന്നുവെയ്ക്കുക,,
regard,,,നോക്കുക,,
regarding,,,കുറിച്ച്,,
regardless,,,എന്നിരുന്നാലും,,
regime,,,വാഴ്ച,,
region,,,തിണ,,
regional,,,തിണ,,
register,,,കണക്കേട്‌,,
regular,,,പതിവ്,,
regularly,,,പതിവായി,,
regulate,,,ചട്ടപ്പെടുത്തുക,,
regulation,,,ചട്ടം,,
reinforce,,,അഴിച്ചുപണിയുക,,
reject,,,തള്ളുക,,
relate,,,അടുപ്പമുണ്ടാവുക,,
relation,,,അടുപ്പം,,
relationship,,,കെട്ടുപാട്,,
relative,,,ഉടയവർ,,
relatively,,,ഒത്തുനോക്കിയാല്‍,,
relax,,,,,
release,,,പുറന്തള്ളുക,,
relevant,,,,,
relief,,,,,
religion,,,,,
religious,,,,,
rely,,,തുണതേടുക,,
remain,,,ബാക്കിവരിക,,
remaining,,,ബാക്കി,,
remarkable,,,,,
remember,,,ഓര്‍ക്കുക,,
remind,,,ഓര്‍മ്മിപ്പിക്കുക,,
remote,,,അകലെയുള്ള,,
remove,,,മാറ്റുക,,
repeat,,,വീണ്ടും ചെയ്യുക,,
repeatedly,,,തുടര്‍ച്ചയായി,,
replace,,,പകരംവയ്ക്കുക,,
reply,,,മറുപടി,,
report,,,,,
reporter,,,,,
represent,,,,,
representation,,,,,
representative,,,,,
Republican,,,കുടിയാള്‍വാഴ്ച,,
repurcussion,,,തിരിച്ചടി,,
reputation,,,നല്‍പ്പേര്,,
request,,,,,
require,,,വേണ്ടിവരിക,,
requirement,,,വേണ്ടത്,,
research,,,ആരാഴ്ചി,,
researcher,,,ആരാച്ചികൻ,,
resemble,,,അടുപ്പം തോന്നിക്കുക,,
reservation,,,നീക്കിവയ്ക്കല്‍,,
resident,,,കുടിയാന്‍/താമസക്കാരന്‍,,
resist,,,എതിര്‍ക്കുക,,
resistance,,,ചെറുത്തുനില്‍പ്പ്‌/എതിര്‍പ്പ്,,
resolution,,,പോംവഴി,,
resolve,,,പോംവഴിയുണ്ടാക്കുക,,
resort,,,,,
resource,,,,,
respect,,,ഓച്ചാനം,,
respond,,,മറുപടി കൊടുക്കുക,,
respondent,,,മറുപടിക്കാരന്‍,,
response,,,മറുപടി,,
responsibility,,,ചുമതല,,
responsible,,,ചുമതലപ്പെട്ട,,
rest,,,ഒഴിവെടുക്കുക,,
restaurant,,,ഊണുപുര,,
restore,,,വീണ്ടെടുക്കുക,,
restriction,,,തടസ്സം,,
result,,,വിളവ്,,
retail,,,ചില്ലറക്കച്ചവടം,,
retain,,,നിലനിര്‍ത്തുക,,
retire,,,തൊഴിലൊഴിയുക,,
retirement,,,തൊഴിലൊഴിച്ചില്‍,,
return,,,മടങ്ങിവരിക,,
reveal,,,വെളിപ്പെടുത്തുക,,
revenue,,,വരുമാനം,,
review,,,തിരിഞ്ഞുനോട്ടം,,
revival,,,ഉയിര്‍ക്കല്‍,,
revolution,,,വിടുതല്‍പോര്,,
rhythm,,,താളം,,
rice,,,അരി,,
rich,,,പണക്കാരന്‍,,
rid,,,ഒഴിവാക്കുക,,
ride,,,സവാരി,,
right,,,ശരി/ഊര്‍പ്പ്,,
river,,,പുഴ,,
road,,,നിരത്ത്/വഴി,,
robbery,,,കവര്‍ച്ച/കൊള്ള,,
rocket,,,എരിവാണം,,
rot,,,അഴുകുക/ചീയുക,,
rough,,,പരുക്കൻ,,
round,,,വട്ടം,,
route,,,വഴി,,
routine,,,വഴക്കം/ചിട്ട,,
row,,,വരി/തുഴയുക,,
rub,,,തടവുക,,
rule,,,ചട്ടം,,
run,,,ഓടുക,,
running,,,ഓട്ടം,,
rupture,,,വിള്ളല്‍/പിളര്‍പ്പ്,,
rural,,,നാട്ടിന്‍പുറത്തെ,,
rush,,,തിരക്ക്/പാച്ചില്‍,,
Russian,,,റഷ്യന്‍,,
rust,,,തുരുമ്പ്,,
sacred,,,,,
sad,,,അഴൽപ്പാട്,,
safe,,,കെട്ടുറപ്പുള്ള,,
safety,,,കെട്ടുറപ്പ്,,
sail,,,പായ,,
sailboat,,,പായ്ക്കപ്പല്‍,,
sake,,,വേണ്ടി,,
salad,,,ഇലക്കൂട്ട്,,
salary,,,ശമ്പളം,,
sale,,,വില്‍പ്പന,,
sales,,,വില്‍പ്പന,,
saliva,,,ഉമിനീര്,,
salt,,,ഉപ്പ്,,
same,,,ഒരേ,,
sample,,,,,
sanction,,,,,
sand,,,മണല്‍,,
satellite,,,വാനംചുറ്റി,,
satisfaction,,,മതിയാകൽ,,
satisfy,,,മതിയാകുക,,
sauce,,,ചാറ്,,
save,,,കാക്കുക,,
saving,,,കാക്കല്‍,,
say,,,പറയുക,,
scale,,,അളവുകോല്‍,,
scandal,,,കോഴ,,
scared,,,പേടിച്ചു,,
scenario,,,കാഴ്ച്ചവട്ടം,,
scene,,,കാഴ്ച,,
schedule,,,നേരപ്പട്ടിക,,
scheme,,,ചെയ്ത്തുപരിപാടി,,
scholar,,,,,
scholarship,,,,,
school,,,പള്ളിക്കൂടം,,
science,,,പനുവല്‍,,
scientific,,,,,
scientist,,,പനുവലാള്‍,,
scope,,,,,
score,,,എണ്ണം,,
scratch,,,ചുരണ്ടുക/മാന്തുക,,
scream,,,മുറവിളി,,
screen,,,തിര,,
screw,,,പിരി,,
screwdriver,,,പിരികയറ്റി,,
script,,,കൈയ്യെഴുത്ത്,,
sea,,,കടല്‍/ആഴി,,
search,,,തിരയുക/തപ്പുക/പരതുക,,
season,,,കാലം,,
seat,,,ഇരിപ്പിടം,,
second,,,രണ്ടാമത്തെ,,
secret,,,അകമിയം/കമുക്ക്,,
secretary,,,കൈയാള്‍,,
section,,,തുണ്ട്,,
sector,,,തുറ,,
secure,,,കെട്ടുറപ്പുള്ള,,
security,,,കാവൽ,,
seduction,,,മയറ്റ്,,
see,,,കാണുക/നോക്കുക,,
seed,,,വിത്ത്,,
seek,,,തേടുക/തിരയുക,,
seem,,,തോന്നുക,,
segment,,,മുറി/നുറുങ്ങ്,,
seize,,,പിടിച്ചെടുക്കുക,,
select,,,തിരഞ്ഞെടുക്കുക,,
selection,,,പലവക,,
self,,,താന്‍,,
sell,,,വില്‍ക്കുക,,
Senate,,,,,
senator,,,,,
send,,,അയയ്ക്കുക,,
senior,,,മൂത്ത,,
sense,,,തോന്നല്‍,,
sensitive,,,,,
sentence,,,,,
separate,,,വേര്‍പെട്ട,,
sequence,,,ഒഴുങ്ങ്,,
serial,,,തുടര്‍ക്കളി,,
series,,,ഒഴുങ്ങ്,,
serious,,,,,
seriously,,,,,
serve,,,ഊഴിയം ചെയ്യുക,,
service,,,ഊഴിയം,,
session,,,,,
set,,,നുറുങ്ങ്,,
set aside,,,വകയിരുത്തുക,,
setting,,,,,
settle,,,ഒത്തുതീര്‍ക്കുക,,
settlement,,,ഒത്തുതീര്‍പ്പ്,,
seven,,,ഏഴ്,,
several,,,പല,,
severe,,,വളരെ,,
sex,,,ഓകുക/പുണര്‍ച്ച/വേഴ്ച,,
sexual,,,ഓക്ക്,,
shade,,,നിഴല്‍,,
shadow,,,നിഴല്‍,,
shake,,,കുലുക്കുക/ഇളക്കുക,,
shall,,,ചെയ്യട്ടെ,,
shape,,,ഉരുവം/ഉരുത്തിരിയുക,,
share,,,പങ്ക്,,
shark,,,സ്രാവ്,,
sharp,,,കൂര്‍ത്ത,,
shatter,,,"ഉടയുക, തകരുക",,
she,,,അവള്‍,,
sheet,,,താള്‍,,
shelf,,,ചുവരലമാര,,
shell,,,പുറംതോട്,,
shelter,,,തണലിടം,,
shepherd,,,ഇടയന്‍,,
shift,,,നീക്കുക,,
shine,,,തിളങ്ങുക/തിളക്കം,,
ship,,,കപ്പല്‍,,
shirt,,,ചട്ട/കുപ്പായം,,
shit,,,അപ്പി/കാട്ടം,,
shock,,,ഞെട്ടല്‍,,
shoe,,,,,
shoot,,,വെടിവയ്ക്കുക,,
shooting,,,വെടിവയ്പ്,,
shop,,,വാങ്ങുക,,
shopping,,,വാങ്ങല്‍,,
shore,,,കടല്‍ക്കര,,
short,,,കുറിയ,,
shortly,,,താമസിയാതെ,,
shot,,,വെടിവയ്പ്,,
should,,,വേണം,,
shoulder,,,തോള്‍,,
shout,,,അലറുക,,
show,,,കാണിക്കുക,,
shower,,,കുളിക്കുക/ചാറ്റല്‍,,
shrug,,,തോളിളക്കുക,,
shut,,,അടയ്ക്കുക,,
sibling,,,ഓപ്പ/ഉടപിറന്നവര്‍,,
sigh,,,നെടുവീര്‍പ്പ്,,
signature,,,ഒപ്പ്,,
similar,,,ഒരേപോലത്തെ,,
similarly,,,അതുപോലെ,,
simple,,,എളുപ്പമായ,,
simply,,,വെറുതെ,,
sin,,,പാതകം,,
since,,,തൊട്ട്,,
sing,,,പാടുക,,
singer,,,പാട്ടുകാരന്‍,,
single,,,ഒറ്റ,,
sink,,,മുങ്ങുക,,
sir,,,ഏമാന്‍,,
sister,,,അനിയത്തി/ചേച്ചി,,
sit,,,ഇരിക്കുക,,
site,,,ഇടം,,
situation,,,ഇട,,
six,,,ആറ്,,
size,,,വലുപ്പം/വണ്ണം,,
ski,,,മഞ്ഞുകോല്‍,,
skill,,,കഴിവ്,,
skin,,,തൊലി,,
skirt,,,പാവാട,,
sky,,,മാനം,,
slave,,,അടിമ,,
sleep,,,ഉറക്കം,,
slice,,,പൂള്‍/തുണ്ട്,,
slide,,,വഴുക്കുക,,
slight,,,ചെറിയ,,
slightly,,,ചെറുതായി/കുറേശ്ശെ,,
slip,,,തെന്നുക,,
slow,,,പതുക്കെ,,
slowly,,,പതുക്കെ,,
small,,,ചെറുത്,,
smart,,,മിടുക്കന്‍,,
smell,,,മണം,,
smile,,,പുഞ്ചിരി,,
smoke,,,പുക,,
smooth,,,മിനുസ്സമായ,,
snap,,,പൊട്ടുക,,
snow,,,മഞ്ഞ്,,
so,,,അത് കൊണ്ട്,,
soap opera,,,തുടര്‍ക്കളി,,
so-called,,,പറയപ്പെടുന്ന,,
soccer,,,കാല്‍പ്പന്ത്‌,,
social,,,,,
society,,,,,
sock,,,കാലുറ,,
soft,,,നനുത്ത,,
software,,,,,
soil,,,മണ്ണ്,,
solar,,,,,
soldier,,,പടയാളി,,
solid,,,കട്ടിയുള്ള,,
solution,,,പോംവഴി,,
solve,,,കുരുക്കഴിക്കുക,,
some,,,ചില,,
somebody,,,ചിലര്‍,,
somehow,,,എങ്ങനെയോ,,
someone,,,ആരോ,,
something,,,എന്തോ,,
sometimes,,,ചിലപ്പോള്‍,,
somewhat,,,എങ്ങനെയോ,,
somewhere,,,എവിടെയോ,,
son,,,മകന്‍,,
song,,,പാട്ട്/ചിന്ത്,,
soon,,,ഉടനെ,,
sophisticated,,,,,
sorcery,,,ഒടി,,
sorry,,,മാപ്പ്,,
sort,,,"ഒഴുങ്ങാക്കുക, അടുക്കാക്കുക",,
soul,,,,,
sound,,,ഒലി/ഇരച്ചില്‍,,
soup,,,ചാറ്,,
source,,,ഉറവ,,
south,,,തെക്ക്,,
southern,,,തെക്കന്‍,,
Soviet,,,സോവിയറ്റ്,,
sow,,,വിതയ്ക്കുക,,
space,,,വെളിയിടം/വാനിടം/വാനവെളി,,
Spanish,,,സ്പാനിഷ്,,
speak,,,മിണ്ടുക,,
speaker,,,പറച്ചിലാള്‍,,
special,,,,,
specialist,,,,,
species,,,ഇനം,,
specific,,,,,
specifically,,,,,
speech,,,പറച്ചില്‍,,
speed,,,പാച്ചില്‍പ്പാട്/വിരവ്,,
spend,,,ചിലവഴിക്കുക,,
spending,,,ചെലവ്,,
spice,,,കറിക്കൂട്ട്,,
spin,,,തിരിക്കുക/കറക്കുക,,
spirit,,,,,
spiritual,,,,,
spit,,,തുപ്പല്‍,,
splash,,,ചീറ്റല്‍/തെറിക്കുക,,
split,,,പിരിയുക,,
spokesman,,,പറച്ചിലാള്‍,,
sport,,,കളി,,
spot,,,പുള്ളി/ഇടം,,
spread,,,പടര്‍ത്തുക,,
spring,,,പൂക്കാലം,,
square,,,ചതുരം,,
squeeze,,,ഞെക്കിപ്പിഴിയുക,,
stability,,,നിലയുറപ്പ്,,
stable,,,നിലയുറച്ച,,
stack,,,അട്ടി,,
staff,,,തൊഴിലാളി,,
stage,,,അരങ്ങ്/മേട,,
stain,,,കറ,,
stair,,,പടവ്,,
stake,,,പങ്ക്/ഓഹരി,,
stand,,,നില്‍ക്കുക,,
standard,,,നിലവാരം,,
standing,,,നില്‍ക്കുന്നു,,
star,,,വാനമീന്‍,,
state,,,പരുവം/നില,,
steam,,,ആവി,,
still,,,അനങ്ങാത്ത,,
stir,,,ഇളക്കുക,,
stock,,,പത്തായം/പങ്ക്,,
stomach,,,വയര്‍,,
stone,,,കല്ല്‌,,
stop,,,നിര്‍ത്തുക,,
stoppage,,,മുടക്കം,,
storage,,,നിലവറ,,
store,,,കട/ഓരുക്കൂട്ടുക,,
storm,,,കൊടുങ്കാറ്റ്,,
story,,,കഥ,,
straight,,,നേരെയുള്ള,,
strange,,,അറിയാത്തത്,,
stranger,,,അറിയാത്തവര്‍/വരത്തന്‍,,
strategic,,,അടവോര്‍ത്ത,,
strategy,,,അടവ്,,
straw,,,വൈക്കോല്‍,,
stream,,,ആവി,,
street,,,തെരുവ്,,
strength,,,"കരുത്ത്, ഈടുറപ്പ്",,
strengthen,,,കരുത്തുകൂട്ടുക,,
stress,,,പിരിമുറുക്കം,,
stretch,,,നീട്ടുക,,
stricken,,,കൊണ്ട,,
strike,,,പണിമുടക്ക്/അടി,,
string,,,നൂല്‍/ചരട്,,
strip,,,വര,,
stroke,,,മാടുക,,
strong,,,കരുത്തുറ്റ,,
strongly,,,കട്ടിയായി,,
structure,,,ഉരുവം,,
struggle,,,പോരാട്ടം,,
student,,,കറ്റാളി,,
studio,,,,,
study,,,കല്‍ക്കുക,,
stuff,,,കോപ്പ്,,
stupid,,,മണ്ടന്‍,,
style,,,മട്ട്/ഇശല്‍,,
subject,,,തുറ,,
submit,,,കീഴടങ്ങുക,,
subsequent,,,അടുത്ത,,
subsistence,,,നിലനില്‍പ്പ്‌,,
substance,,,,,
substantial,,,കുറെയേറെ,,
substitute,,,പകരക്കാരന്‍/പകരംവെയ്ക്കുക,,
subtract,,,കുറയ്ക്കുക/കിഴിക്കുക,,
succeed,,,കൊറ്റംകൊള്ളുക,,
success,,,കൊറ്റം,,
successful,,,കൊറ്റംകൊണ്ട,,
successfully,,,കൊറ്റംകൊണ്ട്,,
sufficiency,,,തികയ്പ്പ്,,
sufficient,,,തികഞ്ഞ/മതിയായ,,
suit,,,തക്കതാകുക/ചേരുക,,
suitable,,,തക്കത്/ചേരുന്ന/ഇണങ്ങുന്ന,,
summary,,,ചുരുക്കം,,
summer,,,വേനല്‍ക്കാലം,,
summit,,,കൊടുമുടി,,
sun,,,ഞായര്‍/കതിരവന്‍,,
super,,,അടിപൊളി,,
supply,,,എത്തിച്ചുകൊടുക്കല്‍,,
support,,,പിന്തുണ,,
supporter,,,അണി,,
suppose,,,കരുതുക,,
supposed,,,കരുതപ്പെടുന്ന,,
Supreme,,,ഉയര്‍,,
sure,,,തീര്‍ച്ച/ഉറപ്പ്,,
surely,,,തീര്‍ച്ചയായും,,
surface,,,മുകള്‍തട്ട്/മുകള്‍പാളി/തലം,,
surgery,,,,,
surprise,,,ഞെട്ടല്‍/നടുക്കം/അമ്പരപ്പ്,,
suspect,,,,,
sustain,,,നിലനിര്‍ത്തുക,,
swear,,,തെറിവിളിക്കുക,,
sweep,,,തൂത്തുവാരുക,,
sweet,,,ഇനിപ്പ്,,
swim,,,നീന്തുക,,
swing,,,ഊഞ്ഞാലാടുക,,
switch,,,ഇളകോല്‍,,
symbol,,,അടയാളം,,
symptom,,,അടയാളങ്ങൾ,,
system,,,,,
table,,,മേശ,,
tablespoon,,,ചായക്കരണ്ടി,,
tactic,,,അടവ്,,
tail,,,വാല്‍,,
take,,,എടുക്കുക,,
tale,,,കഥ,,
talent,,,കഴിവ്,,
talk,,,മിണ്ടുക,,
tall,,,പൊക്കമുള്ള,,
tame,,,മെരുക്കുക/മെരുങ്ങിയ,,
tank,,,,,
tap,,,തൂമ്പ്,,
tape,,,നാട,,
target,,,ഉന്നം/ലക്ക്,,
task,,,പണി,,
taste,,,ചുവ,,
tattoo,,,പച്ചകുത്ത്,,
tax,,,ചുങ്കം/നികുതി/പാട്ടം,,
taxpayer,,,ചുങ്കമടപ്പവര്‍,,
tea,,,ചായ,,
teach,,,കറ്റുക,,
teacher,,,ആശാന്‍,,
teaching,,,കറ്റല്‍,,
team,,,മുന്നണി,,
tear,,,കണ്ണീര്‍/കീറുക,,
teaspoon,,,ചായക്കരണ്ടി,,
technical,,,പനുവല്‍ത്തികവുള്ള,,
technique,,,അടവ്,,
technology,,,പനുവല്‍,,
teen,,,പതിവയസ്സ്,,
teenager,,,പതിവയസ്സുകാരന്‍,,
telephone,,,,,
telescope,,,കുഴല്‍ക്കണ്ണ്,,
television,,,,,
tell,,,പറയുക,,
temperature,,,ചൂടളവ്‌/ചൂടുനില,,
temporary,,,,,
ten,,,പത്ത്,,
tend,,,പതിവ്,,
test,,,മേന്മനോക്കുക,,
testify,,,മൊഴിപറയുക,,
testimony,,,മൊഴിപറച്ചില്‍,,
testing,,,മേന്മനോക്കല്‍,,
text,,,എഴുത്ത്,,
then,,,പിന്നെ,,
they,,,അവര്‍,,
thick,,,കട്ടിയുള്ള,,
thin,,,മെലിഞ്ഞ,,
thing,,,പൊരുള്‍,,
think,,,നിനയ്ക്കുക,,
thinking,,,നിനയ്ക്കുന്ന,,
third,,,മൂന്നാമത്തെ,,
thirty,,,മുപ്പത്,,
this,,,ഇത്,,
those,,,ആ,,
though,,,പക്ഷേ,,
thought,,,നിനവ്,,
thousand,,,ആയിരം,,
threat,,,ഊപ്പിടി,,
threaten,,,ഊപ്പിടി ചെയ്യുക,,
three,,,മൂന്ന്‍,,
throat,,,തൊണ്ട,,
through,,,അതിലൂടെ,,
throughout,,,എല്ലായിടവും,,
throw,,,എറിയുക,,
thus,,,അതുകൊണ്ട്,,
ticket,,,കൈച്ചീട്ട്/കുറി,,
tie,,,കെട്ട്,,
tight,,,ഇറുകിയ/മുറുക്കം,,
time,,,നേരം,,
tiny,,,ചെറിയ/കുറിയ,,
tip,,,അറ്റം,,
tire,,,ഓയുക,,
tired,,,തളര്‍ന്ന,,
tissue,,,,,
title,,,തലക്കെട്ട്‌,,
to,,,അതിലേക്ക്,,
tobacco,,,പുകയില,,
today,,,ഇന്ന്,,
toe,,,കാല്‍വിരല്‍,,
together,,,ഒരുമിച്ച്,,
tomato,,,തക്കാളി,,
tomorrow,,,നാളെ,,
tone,,,ഈണം,,
tongue,,,നാക്ക്,,
tonight,,,ഈരാവില്‍,,
too,,,കൂടി,,
tool,,,കരിവി,,
tooth,,,പല്ല്,,
tooth brush,,,ഉമിക്കോല്‍,,
tooth powder,,,ഉമിക്കരി,,
tooth paste,,,ഉമിപ്പശ,,
top,,,മേലെ/മുന്തിയ,,
topic,,,തുറം,,
toss,,,ഏറ്,,
total,,,ആകെ,,
totally,,,മൊത്തമായി,,
touch,,,തൊടുക,,
tough,,,കടുപ്പമുള്ള,,
tour,,,നാടുചുറ്റല്‍,,
tourist,,,നാടുചുറ്റി,,
tournament,,,ഇകല്‍,,
toward,,,നേരെ,,
towards,,,നേര്‍ക്ക്,,
tower,,,,,
town,,,പട്ടണം,,
toy,,,കളിപ്പാട്ടം,,
trace,,,പിന്‍പാട്,,
track,,,പാളം,,
trade,,,കച്ചവടം,,
tradition,,,നാട്ടുനടപ്പ്,,
traditional,,,നാട്ടുനടപ്പായ,,
traffic,,,നീക്കുപോക്ക്,,
tragedy,,,കരുവിന,,
trail,,,പാത/പിന്നില്‍,,
train,,,തീവണ്ടി/പയറ്റുക,,
transportation,,,നീക്കുപോക്ക്,,
travel,,,വഴിപോക്ക്,,
treasury,,,ഖജനാവ് (പേര്‍ഷ്യന്‍),,
tremendous,,,തകര്‍പ്പന്‍,,
trend,,,പോക്ക്,,
trial,,,തുനിവ്,,
tribe,,,കാട്ടാളര്‍,,
trick,,,പറ്റിക്കുക,,
trip,,,ചുറ്റല്‍,,
troop,,,പട,,
trouble,,,കുഴപ്പം/തൊന്തരവ്‌/മിനക്കേട്/പുകിൽ,,
truck,,,ചരക്കുവണ്ടി,,
(true),,,ശരി,,
truly,,,തീര്‍ച്ചയായും,,
trust,,,നമ്പല്‍,,
truth,,,നിജം/ഉണ്മ,,
try,,,തുനിയുക,,
tube,,,കുഴല്‍,,
tunnel,,,തുരങ്കം,,
turn,,,വളവ്/തിരിവ്,,
TV,,,കാഴ്ചപ്പെട്ടി,,
twelve,,,പന്ത്രണ്ട്,,
twenty,,,ഇരുപത്,,
twice,,,രണ്ടുതവണ,,
twin,,,ഇരട്ട,,
two,,,രണ്ട്,,
type,,,ഇനം,,
typical,,,പൊതുവായ,,
typically,,,പൊതുവേ,,
under,,,അടിയില്‍/കീഴില്‍,,
underpass,,,അടിപ്പാത,,
understand,,,തിരിയുക,,
underwear,,,ഉള്ളാട,,
unemployment,,,തൊഴിലില്ലായ്മ,,
unit,,,,,
United,,,ഒരുമിച്ച,,
unity,,,ഒരുമ/ഒന്നിപ്പ്,,
universal,,,വിയല്‍മുറ്റും,,
universe,,,വിയല്‍,,
university,,,കലാകൂടം,,
unknown,,,അറിയാത്ത,,
unless,,,അല്ലാതെ,,
unlike,,,അത് പോലെയല്ല,,
unlikely,,,ഉണ്ടാവാനിടയില്ലാത്ത,,
until,,,ഇതുവരെ,,
unusual,,,,,
up,,,മുകളില്‍,,
upload,,,ഏറ്റുക,,
upon,,,മീതെ,,
useless,,,തൊളി,,
vaccination,,,തടുക്കല്‍ കുത്തിവയ്പ്,,
valley,,,താഴ്വര,,
valuable,,,വിലയേറിയ,,
value,,,വില,,
variable,,,മാറുവ,,
variation,,,മാറ്റം,,
variety,,,പലവക,,
vast,,,പരപ്പ്,,
vegetarian,,,പച്ചതീനി,,
vehicle,,,വണ്ടി,,
vent,,,അഴുത്ത്,,
ventilation,,,കാറ്റോട്ടം,,
view,,,കാഴ്ച,,
viewer,,,കാണി/കാഴ്ചക്കാരന്‍,,
village,,,ഊര്,,
violate,,,തെറ്റിക്കുക,,
violation,,,തെറ്റിക്കല്‍,,
violence,,,,,
violent,,,,,
virtually,,,,,
virtue,,,,,
virus,,,വൈറസ്,,
visible,,,കാണപ്പെടുന്ന,,
vision,,,കാഴ്ച,,
visit,,,വരവ്,,
visitor,,,വിരുന്നുകാരന്‍,,
visual,,,കാഴ്ച,,
vital,,,ഒഴിച്ചുകൂടാനാകാത്ത,,
voice,,,ഒച്ച,,
volume,,,ഉള്ളളവ്‌,,
volunteer,,,,,
vote,,,,,
voter,,,,,
warehouse,,,പണ്ടികശാല,,
warning,,,മുന്നറിയിപ്പ്,,
wash,,,കഴുകുക,,
washing soap,,,അലക്കുകട്ട,,
waste,,,ചവറ്,,
watch,,,നോക്കുക,,
water,,,വെള്ളം,,
waterfall,,,വെള്ളച്ചാട്ടം,,
wave,,,തിരമാല/അല,,
way,,,വഴി,,
we,,,നമ്മള്‍/ഞങ്ങള്‍,,
weak,,,കരുത്തില്ലാത്ത,,
wealth,,,പണത്തികവ്,,
wealthy,,,പണക്കാര്‍/കാശുകാര്‍,,
weapon,,,പടക്കോപ്പ്,,
wear,,,അണിയുക,,
weather,,,കാലനില/ആച്ച്,,
wedding,,,മിന്നുകെട്ട്,,
week,,,ആഴ്ച,,
weekend,,,ആഴ്ചയൊടുക്കം,,
weekly,,,ആഴ്ചതോറും,,
weigh,,,തൂക്കിനോക്കുക,,
weight,,,തൂക്കം,,
welcome,,,വരവേല്‍പ്പ്,,
welfare,,,നലം,,
well,,,കിണര്‍/നല്ലത്,,
west,,,പടിഞ്ഞാറ്,,
western,,,പടിഞ്ഞാറേ,,
wet,,,നനഞ്ഞ,,
whale,,,തിമിംഗലം,,
what,,,എന്ത്',,
whatever,,,എന്തെങ്കിലും,,
wheel,,,,,
when,,,എപ്പോള്‍,,
whenever,,,എപ്പോഴെല്ലാം,,
where,,,എവിടെ,,
whereas,,,എന്നാല്‍,,
whether,,,ഇല്ലയോ,,
which,,,ഏത്,,
while,,,അപ്പോള്‍,,
whirlpool,,,ചുഴിയം,,
whisper,,,അടക്കംപറച്ചില്‍,,
white,,,വെള്ള,,
who,,,ആര്,,
whole,,,മൊത്തം,,
wholesale,,,മൊത്തക്കച്ചവടം,,
whom,,,ആരെ,,
whose,,,ആരുടെ,,
why,,,എന്തുകൊണ്ട്/എന്തിന്,,
wide,,,വീതിയുള്ള,,
widely,,,പരക്കെ,,
widespread,,,പരക്കെയുള്ള,,
wife,,,പെണ്ണ്/അച്ചി,,
wild,,,കാട്ടു,,
will,,,ഒരുക്കം,,
willing,,,ഒരുക്കമുള്ള,,
win,,,വെല്ലുക,,
wind,,,കാറ്റ്,,
window,,,ജന്നല്‍,,
wine,,,വീഞ്ഞ്,,
wing,,,ചിറക്,,
winner,,,വെന്നവര്‍,,
winter,,,തണുപ്പുകാലം,,
wipe,,,തുടയ്ക്കുക,,
withdraw,,,പിന്‍വലിക്കുക/ഉള്‍വലിയുക,,
within,,,ഉള്ളില്‍/അകത്ത്,,
without,,,ഇല്ലാതെ/കൂടാതെ,,
witness,,,കണ്ടവര്‍,,
woman,,,പെണ്ണ്,,
wonder,,,,,
wonderful,,,,,
wood,,,തടി,,
wooden,,,തടികൊണ്ടുള്ള,,
word,,,ഉരി,,
work,,,ജോലി/പണി/ഉഴവ്,,
worker,,,ജോലിക്കാരന്‍,,
working,,,പണിയുന്ന,,
works,,,പണികള്‍,,
workshop,,,പണിപ്പുര,,
world,,,ഉലകം,,
worm,,,പുഴു,,
worried,,,,,
worry,,,,,
worth,,,മതിപ്പ്,,
would,,,കഴിയും,,
wound,,,മുറിവ്,,
wrap,,,പൊതിയുക,,
yes,,,ഉവ്വ്/അതെ,,
yield,,,വിളവ്/വരുമാനം,,
you,,,താങ്കള്‍/നിങ്ങള്‍/നീ,,
young,,,ചെറുപ്പം,,
your,,,താങ്കളുടെ,,
yours,,,താങ്കളുടേത്,,
yourself,,,നിങ്ങള്‍ തന്നെ,,
youth,,,ചെറുപ്പക്കാര്‍,,
zone,,,ഇടം,,
